Date,Strategy,^TA125.TA
2021-03-31,100000.0,90795.84274124041
2021-04-01,100015.56498627913,91255.09103986352
2021-04-02,100031.13239524624,91255.09103986352
2021-04-05,100046.70222727841,92317.94770699936
2021-04-06,100062.27448275281,92086.4183080092
2021-04-07,100077.84916204662,92240.04194788948
2021-04-08,100093.42626553714,92531.50192315778
2021-04-09,100109.00579360168,92531.50192315778
2021-04-12,100124.58774661763,92539.12292187223
2021-04-13,100140.17212496242,92604.4999186976
2021-04-14,100155.75892901357,92604.4999186976
2021-04-15,100171.34815914862,92604.4999186976
2021-04-16,100186.93981574521,92604.4999186976
2021-04-19,100202.53389918101,93132.92906341718
2021-04-20,100218.13040983376,92637.73039913057
2021-04-21,100233.72934808125,92366.97879209687
2021-04-22,100249.33071430134,92667.69568726963
2021-04-23,100264.93450887193,92667.69568726963
2021-04-26,100280.54073217101,92843.11165942503
2021-04-27,100296.14938457661,92711.81900879709
2021-04-28,100311.7604664668,93046.31169146615
2021-04-29,100327.37397821975,93552.95515399672
2021-04-30,100342.98992021367,93552.95515399672
2021-05-03,100358.60829282682,94542.26186844327
2021-05-04,100374.22909643751,93630.30895595714
2021-05-05,100389.85233142415,94341.2430646555
2021-05-06,100405.47799816517,93937.56288580383
2021-05-07,100421.10609703907,93937.56288580383
2021-05-10,100436.73662842442,94174.53870534124
2021-05-11,100452.36959269983,92500.44602089204
2021-05-12,100468.004990244,92600.68276925424
2021-05-13,100483.64282143564,93353.0203142495
2021-05-14,100499.28308665357,93353.0203142495
2021-05-17,100514.92578627662,93353.0203142495
2021-05-18,100530.57092068373,94613.63059287923
2021-05-19,100546.21849025387,94068.31022936845
2021-05-20,100561.86849536606,95662.32257654055
2021-05-21,100577.52093639939,95662.32257654055
2021-05-24,100593.17581373303,96767.66664401384
2021-05-25,100608.83312774618,96430.99938317755
2021-05-26,100624.49287881811,96778.02082813114
2021-05-27,100640.15506732815,96810.1606944374
2021-05-28,100655.81969365566,96810.1606944374
2021-05-31,100671.48675818012,96685.95038554672
2021-06-01,100687.15626128102,95942.88306062821
2021-06-02,100702.82820333794,96255.03810395881
2021-06-03,100718.50258473048,95527.21942655537
2021-06-04,100734.17940583834,95527.21942655537
2021-06-07,100749.85866704125,96034.40154606315
2021-06-08,100765.54036871901,95873.15025738227
2021-06-09,100781.2245112515,95726.60230915311
2021-06-10,100796.9110950186,96034.94685312649
2021-06-11,100812.60012040033,96034.94685312649
2021-06-14,100828.2915877767,97286.29356176559
2021-06-15,100843.98549752781,96874.99238419945
2021-06-16,100859.68185003383,96766.03737290997
2021-06-17,100875.38064567496,96101.4078139924
2021-06-18,100891.08188483148,96101.4078139924
2021-06-21,100906.78556788372,95920.00011422641
2021-06-22,100922.49169521207,96242.5093416743
2021-06-23,100938.20026719698,96481.12108240173
2021-06-24,100953.91128421896,96345.46597526707
2021-06-25,100969.62474665859,96345.46597526707
2021-06-28,100985.3406548965,96620.03473174415
2021-06-29,101001.05900931337,96465.86578480052
2021-06-30,101016.77981028994,96271.37736560055
2021-07-01,101032.50305820703,96326.40017830864
2021-07-02,101048.2287534455,96326.40017830864
2021-07-05,101063.95689638627,96460.96467131661
2021-07-06,101079.68748741034,96233.2457716837
2021-07-07,101095.42052689874,96761.12960933991
2021-07-08,101111.15601523258,94710.60214894754
2021-07-09,101126.89395279302,94710.60214894754
2021-07-12,101142.63433996128,95896.57186076127
2021-07-13,101158.37717711864,95759.29413260886
2021-07-14,101174.12246464645,95508.69228657414
2021-07-15,101189.8702029261,94555.33593779111
2021-07-16,101205.62039233906,94555.33593779111
2021-07-19,101221.37303326683,91754.65216065683
2021-07-20,101237.128126091,93044.67577027614
2021-07-21,101252.88567119322,94481.24732812459
2021-07-22,101268.64566895516,94540.08729027605
2021-07-23,101284.40811975859,94540.08729027605
2021-07-26,101300.17302398532,95165.48799106393
2021-07-27,101315.94038201723,94623.43281984705
2021-07-28,101331.71019423626,95751.12117674493
2021-07-29,101347.4824610244,96200.56059831407
2021-07-30,101363.2571827637,96200.56059831407
2021-08-02,101379.03435983627,97316.80415696799
2021-08-03,101394.81399262429,95976.11354106118
2021-08-04,101410.59608150998,95951.59467346936
2021-08-05,101426.38062687565,95696.64367110019
2021-08-06,101442.16762910363,95696.64367110019
2021-08-09,101457.95708857634,95100.11099423855
2021-08-10,101473.74900567626,96027.86451138923
2021-08-11,101489.54338078591,95845.91150455989
2021-08-12,101505.34021428788,96609.14189064965
2021-08-13,101521.13950656481,96609.14189064965
2021-08-16,101536.94125799942,95935.25541182762
2021-08-17,101552.74546897448,95695.55305697351
2021-08-18,101568.5521398728,96856.46524421821
2021-08-19,101584.36127107729,96913.66928517965
2021-08-20,101600.17286297087,96913.66928517965
2021-08-23,101615.98691593656,98077.8533148044
2021-08-24,101631.80343035742,98891.20540011833
2021-08-25,101647.62240661659,99644.62690915413
2021-08-26,101663.44384509724,99255.11141377698
2021-08-27,101679.26774618261,99255.11141377698
2021-08-30,101695.09411025602,99756.85376282365
2021-08-31,101710.92293770082,99210.44278518618
2021-09-01,101726.75422890045,99686.03034545103
2021-09-02,101742.58798423837,99514.42487265285
2021-09-03,101758.42420409815,99514.42487265285
2021-09-07,101774.26288886338,99514.42487265285
2021-09-08,101790.1040389177,99514.42487265285
2021-09-09,101805.94765464487,101284.94380610704
2021-09-10,101821.79373642865,101284.94380610704
2021-09-13,101837.64228465289,101288.76095555042
2021-09-14,101853.49329970148,101607.45303355494
2021-09-15,101869.34678195839,101607.45303355494
2021-09-16,101885.20273180764,101607.45303355494
2021-09-17,101901.06114963331,101607.45303355494
2021-09-20,101916.92203581955,101607.45303355494
2021-09-21,101932.78539075053,101607.45303355494
2021-09-22,101948.65121481054,101061.04205591748
2021-09-23,101964.51950838388,101811.74367972273
2021-09-24,101980.39027185494,101811.74367972273
2021-09-27,101996.26350560815,101811.74367972273
2021-09-28,102012.13921002802,101811.74367972273
2021-09-29,102028.0173854991,101239.72987045291
2021-09-30,102043.89803240602,101549.70368553016
2021-10-01,102059.78115113346,101549.70368553016
2021-10-04,102075.66674206614,100866.56028680364
2021-10-05,102091.55480558886,101255.52382503131
2021-10-06,102107.4453420865,100268.93699581533
2021-10-07,102123.33835194397,101399.34523794378
2021-10-08,102139.23383554623,101399.34523794378
2021-10-11,102155.13179327833,102242.65596131064
2021-10-12,102171.03222552537,102663.22735895352
2021-10-13,102186.93513267252,103216.17537126491
2021-10-14,102202.84051510498,104073.10547104295
2021-10-15,102218.74837320803,104073.10547104295
2021-10-18,102234.65870736701,103716.82045609877
2021-10-19,102250.57151796733,103957.0681180162
2021-10-20,102266.48680539442,104244.70429375498
2021-10-21,102282.40457003383,104944.74556135885
2021-10-22,102298.32481227112,104944.74556135885
2021-10-25,102314.24753249194,105465.54705727783
2021-10-26,102330.17273108196,105751.00865484939
2021-10-27,102346.10040842695,105332.07982848266
2021-10-28,102362.03056491274,104785.12354378185
2021-10-29,102377.96320092521,104785.12354378185
2021-11-01,102393.89831685029,105666.57251115172
2021-11-02,102409.83591307397,107196.29847562512
2021-11-03,102425.77598998231,107104.77334010406
2021-11-04,102441.71854796144,107761.77525022102
2021-11-05,102457.66358739753,107761.77525022102
2021-11-08,102473.61110867682,108234.09761819197
2021-11-09,102489.5611121856,107981.32119399
2021-11-10,102505.51359831025,107256.76770888046
2021-11-11,102521.46856743717,107775.3946266322
2021-11-12,102537.42601995285,107775.3946266322
2021-11-15,102553.38595624383,108594.73843955672
2021-11-16,102569.3483766967,108215.0251711474
2021-11-17,102585.31328169812,108046.14623366592
2021-11-18,102601.28067163481,108122.96137864912
2021-11-19,102617.25054689356,108122.96137864912
2021-11-22,102633.2229078612,108987.51912722777
2021-11-23,102649.19775492464,108241.17995992923
2021-11-24,102665.17508847083,107777.57585488557
2021-11-25,102681.15490888679,108396.43952099951
2021-11-26,102697.13721655961,108396.43952099951
2021-11-29,102713.12201187642,107416.38972645746
2021-11-30,102729.10929522442,106624.28466635532
2021-12-01,102745.0990669909,108040.15450605533
2021-12-02,102761.09132756315,106693.47216253792
2021-12-03,102777.08607732857,106693.47216253792
2021-12-06,102793.08331667459,107356.46580026548
2021-12-07,102809.08304598872,109358.51413270982
2021-12-08,102825.08526565852,108902.53102638062
2021-12-09,102841.08997607161,108839.34190789473
2021-12-10,102857.0971776157,108839.34190789473
2021-12-13,102873.1068706785,107905.59666313349
2021-12-14,102889.11905564784,107240.96710421592
2021-12-15,102905.13373291156,107211.55377322633
2021-12-16,102921.15090285761,108611.6230082618
2021-12-17,102937.17056587397,108611.6230082618
2021-12-20,102953.19272234867,106245.6686621588
2021-12-21,102969.21737266982,107552.03818350598
2021-12-22,102985.2445172256,108862.76351127373
2021-12-23,103001.27415640422,110446.4283244147
2021-12-27,103017.30629059399,111240.70796268406
2021-12-28,103033.34092018324,112222.38702832999
2021-12-29,103049.3780455604,111744.08623292073
2021-12-30,103065.41766711391,112174.99851450864
2021-12-31,103081.45978523232,112174.99851450864
2022-01-03,103097.50440030421,113827.85082383221
2022-01-04,103113.55151271824,113919.36930926713
2022-01-05,103129.60112286313,114842.76036991109
2022-01-06,103145.65323112761,113917.18808101378
2022-01-07,103161.70783790055,113917.18808101378
2022-01-10,103177.76494357083,112752.46539441185
2022-01-11,103193.82454852741,114893.42072611247
2022-01-12,103209.8866531593,116655.77335378886
2022-01-13,103225.95125785556,117385.76660935952
2022-01-14,103242.01836300534,117385.76660935952
2022-01-17,103258.08796899783,116829.55340475425
2022-01-18,103274.1600762223,115457.81353666782
2022-01-19,103290.23468506805,114818.79345946875
2022-01-20,103306.31179592446,115266.05165278455
2022-01-21,103322.39140918096,115266.05165278455
2022-01-24,103338.47352522706,107760.13932903101
2022-01-25,103354.55814445233,108376.82841697775
2022-01-26,103370.64526724636,110913.29762175225
2022-01-27,103386.73489399886,110231.23818706626
2022-01-28,103402.82702509954,110231.23818706626
2022-01-31,103418.92166093823,110702.46994091054
2022-02-01,103435.01880190478,111027.69905358898
2022-02-02,103451.11844838911,112205.50910971104
2022-02-03,103467.2206007812,111375.81111266924
2022-02-04,103483.32525947111,111375.81111266924
2022-02-07,103499.43242484893,111383.98406853317
2022-02-08,103515.54209730483,111163.89281770085
2022-02-09,103531.65427722904,113665.50892102465
2022-02-10,103547.76896501184,113674.22053386578
2022-02-11,103563.88616104359,113674.22053386578
2022-02-14,103580.00586571469,111240.70796268406
2022-02-15,103596.1280794156,112679.46074878586
2022-02-16,103612.25280253687,113880.1471012236
2022-02-17,103628.38003546908,113315.2089836049
2022-02-18,103644.50977860288,113315.2089836049
2022-02-21,103660.64203232898,112899.00669255486
2022-02-22,103676.77679703817,113138.15709025948
2022-02-23,103692.91407312127,113057.53144591904
2022-02-24,103709.05386096917,109628.72043268019
2022-02-25,103725.19616097285,109628.72043268019
2022-02-28,103741.3409735233,112088.37449247148
2022-03-01,103757.48829901162,111393.2476385238
2022-03-02,103773.63813782892,111918.41159094946
2022-03-03,103789.79049036643,111096.34124270825
2022-03-04,103805.94535701539,111096.34124270825
2022-03-07,103822.10273816712,109870.05205863816
2022-03-08,103838.26263421301,108781.04725280662
2022-03-09,103854.42504554451,110880.06714131929
2022-03-10,103870.58997255312,110145.16612217858
2022-03-11,103886.75741563039,110145.16612217858
2022-03-14,103902.92737516796,108765.25329822821
2022-03-15,103919.09985155752,109039.27009755581
2022-03-16,103935.27484519081,110930.73414760681
2022-03-17,103951.45235645963,110930.73414760681
2022-03-18,103967.63238575586,110930.73414760681
2022-03-21,103983.81493347144,113294.5139155426
2022-03-22,103999.99999999834,114589.99059579529
2022-03-23,104016.18758572864,114783.3751006963
2022-03-24,104032.37769105443,115246.43389867664
2022-03-25,104048.57031636788,115246.43389867664
2022-03-28,104064.76546206126,114860.19689576565
2022-03-29,104080.96312852684,115304.1832467014
2022-03-30,104097.16331615698,115434.39193328882
2022-03-31,104113.36602534409,114386.79056375417
2022-04-01,104129.57125648067,114386.79056375417
2022-04-04,104145.77900995925,116493.4314509813
2022-04-05,104161.98928617244,117304.0503508924
2022-04-06,104178.2020855129,115481.78044711017
2022-04-07,104194.41740837334,115511.2004281859
2022-04-08,104210.63525514657,115511.2004281859
2022-04-11,104226.85562622543,114644.46810144003
2022-04-12,104243.07852200282,115002.9210444653
2022-04-13,104259.3039428717,114724.0031316538
2022-04-14,104275.53188922512,115544.43755870499
2022-04-15,104291.76236145617,115544.43755870499
2022-04-18,104307.99535995799,116157.8548042717
2022-04-19,104324.2308851238,116803.40526605854
2022-04-20,104340.46893734687,117318.21503436693
2022-04-21,104356.70951702054,117318.21503436693
2022-04-22,104372.95262453821,117318.21503436693
2022-04-25,104389.19826029334,114554.0269299595
2022-04-26,104405.44642467945,114623.75973320544
2022-04-27,104421.69711809012,113838.19835786335
2022-04-28,104437.95034091898,115044.86978782553
2022-04-29,104454.20609355974,115044.86978782553
2022-05-02,104470.46437640618,110261.74878226867
2022-05-03,104486.7251898521,110299.3350691222
2022-05-04,104502.98853429142,110299.3350691222
2022-05-05,104519.25441011805,110299.3350691222
2022-05-06,104535.52281772603,110299.3350691222
2022-05-09,104551.79375750943,105632.25141659209
2022-05-10,104568.06722986237,106344.81479639433
2022-05-11,104584.34323517904,107238.79252604871
2022-05-12,104600.62177385371,105913.35055765694
2022-05-13,104616.90284628069,105913.35055765694
2022-05-16,104633.18645285437,107427.8278746153
2022-05-17,104649.47259396917,109086.1266044861
2022-05-18,104665.7612700196,108584.38425543944
2022-05-19,104682.05248140023,105761.90814603002
2022-05-20,104698.34622850566,105761.90814603002
2022-05-23,104714.64251173059,107215.9095796469
2022-05-24,104730.94133146977,104536.16426902328
2022-05-25,104747.24268811801,103141.53480444891
2022-05-26,104763.54658207018,105777.15679354509
2022-05-27,104779.85301372121,105777.15679354509
2022-05-30,104796.16198346608,107638.65555545701
2022-05-31,104812.47349169986,107199.57031800516
2022-06-01,104828.78753881765,108308.18622785847
2022-06-02,104845.10412521464,107123.84578714863
2022-06-03,104861.42325128606,107123.84578714863
2022-06-06,104877.74491742722,107876.17668205776
2022-06-07,104894.06912403347,106592.14480004903
2022-06-08,104910.39587150024,107185.40563453063
2022-06-09,104926.72516022301,105791.3214770196
2022-06-10,104943.05699059734,105791.3214770196
2022-06-13,104959.39136301882,99991.10304704437
2022-06-14,104975.72827788313,100648.65026422466
2022-06-15,104992.067735586,101994.78730067873
2022-06-16,105008.40973652322,99503.53203155835
2022-06-17,105024.75428109063,99503.53203155835
2022-06-20,105041.10136968417,101296.38195426487
2022-06-21,105057.4510026998,103195.47365311645
2022-06-22,105073.80318053358,103140.99614747171
2022-06-23,105090.15790358158,102530.29878713556
2022-06-24,105106.51517223999,102530.29878713556
2022-06-27,105122.87498690502,104092.17126800139
2022-06-28,105139.23734797296,105241.10000002492
2022-06-29,105155.60225584015,105070.58514135343
2022-06-30,105171.969710903,102766.73594969577
2022-07-01,105188.33971355799,102766.73594969577
2022-07-04,105204.71226420165,104015.35612301818
2022-07-05,105221.08736323056,102967.2094464202
2022-07-06,105237.4650110414,102704.08548818708
2022-07-07,105253.84520803086,104453.35739642948
2022-07-08,105270.22795459574,104453.35739642948
2022-07-11,105286.61325113288,104888.6321345241
2022-07-12,105303.00109803917,104931.67149201101
2022-07-13,105319.39149571159,104427.20925773379
2022-07-14,105335.78444454716,103594.24606839809
2022-07-15,105352.17994494297,103594.24606839809
2022-07-18,105368.57799729616,106059.35319882276
2022-07-19,105384.97860200395,105928.60585525815
2022-07-20,105401.3817594636,107106.40926129407
2022-07-21,105417.78747007248,108230.28046874859
2022-07-22,105434.19573422795,108230.28046874859
2022-07-25,105450.60655232749,107281.28657647228
2022-07-26,105467.01992476861,106598.68183472296
2022-07-27,105483.4358519489,107520.98228124024
2022-07-28,105499.85433426601,108243.35453809644
2022-07-29,105516.27537211764,108243.35453809644
2022-08-01,105532.69896590155,109294.22775001112
2022-08-02,105549.12511601558,108515.19675925683
2022-08-03,105565.55382285763,109396.64572662668
2022-08-04,105581.98508682565,109709.89138408397
2022-08-05,105598.41890831765,109709.89138408397
2022-08-08,105614.8552877317,111602.43939817548
2022-08-09,105631.29422546596,111237.44277039016
2022-08-10,105647.73572191861,113258.00494264347
2022-08-11,105664.17977748794,113967.84843721516
2022-08-12,105680.62639257226,113967.84843721516
2022-08-15,105697.07556756996,114793.1906278364
2022-08-16,105713.52730287949,114771.93695253847
2022-08-17,105729.98159889937,113540.75330507063
2022-08-18,105746.43845602816,114866.1819732901
2022-08-19,105762.8978746645,114866.1819732901
2022-08-22,105779.3598552071,113023.21700144555
2022-08-23,105795.82439805471,113931.35276448831
2022-08-24,105812.29150360616,115424.57640614873
2022-08-25,105828.76117226033,115249.16043399333
2022-08-26,105845.23340441617,115249.16043399333
2022-08-29,105861.70820047267,113541.8439191973
2022-08-30,105878.18556082892,112993.25171330648
2022-08-31,105894.66548588405,113120.18855751387
2022-09-01,105911.14797603725,112402.71076405543
2022-09-02,105927.63303168779,112402.71076405543
2022-09-05,105944.12065323498,111994.6747787832
2022-09-06,105960.61084107819,110928.55291935345
2022-09-07,105977.10359561688,110181.66844499156
2022-09-08,105993.59891725055,111162.26354659697
2022-09-09,106010.09680637877,111162.26354659697
2022-09-12,106026.59726340117,112896.82546430151
2022-09-13,106043.10028871744,111595.35705643822
2022-09-14,106059.60588272734,109943.60201132749
2022-09-15,106076.11404583068,109496.8824749889
2022-09-16,106092.62477842734,109496.8824749889
2022-09-19,106109.13808091727,108872.5723883277
2022-09-20,106125.65395370046,108198.68590950566
2022-09-21,106142.17239717698,108709.6851784568
2022-09-22,106158.69341174696,107398.40789353957
2022-09-23,106175.2169978106,107398.40789353957
2022-09-26,106191.74315576814,107398.40789353957
2022-09-27,106208.2718860199,107398.40789353957
2022-09-28,106224.80318896625,104643.48335912275
2022-09-29,106241.33706500764,102773.27298436969
2022-09-30,106257.87351454457,102773.27298436969
2022-10-03,106274.4125379776,102461.11129095295
2022-10-04,106290.95413570735,102461.11129095295
2022-10-05,106307.49830813453,102461.11129095295
2022-10-06,106324.04505565987,103817.60251152431
2022-10-07,106340.5943786842,103817.60251152431
2022-10-10,106357.14627760838,103817.60251152431
2022-10-11,106373.70075283336,102619.09738733993
2022-10-12,106390.25780476014,103185.6647760625
2022-10-13,106406.81743378978,103996.29032605974
2022-10-14,106423.3796403234,103996.29032605974
2022-10-17,106439.9444247622,103996.29032605974
2022-10-18,106456.51178750742,105127.24387525153
2022-10-19,106473.08172896039,105028.09109092985
2022-10-20,106489.65424952246,104605.89042218309
2022-10-21,106506.22934959509,104605.89042218309
2022-10-24,106522.80702957977,104957.27432364337
2022-10-25,106539.38728987805,105967.28940632449
2022-10-26,106555.97013089158,106832.38581188033
2022-10-27,106572.55555302204,106745.22313286597
2022-10-28,106589.14355667119,106745.22313286597
2022-10-31,106605.73414224082,106845.46653131432
2022-11-01,106622.32731013282,106845.46653131432
2022-11-02,106638.92306074913,106601.94702701685
2022-11-03,106655.52139449175,104940.92841191549
2022-11-04,106672.12231176274,104940.92841191549
2022-11-07,106688.72581296421,104756.7941768328
2022-11-08,106705.33189849838,105928.06054819482
2022-11-09,106721.94056876747,105609.91377725362
2022-11-10,106738.55182417382,108600.18486010397
2022-11-11,106755.16566511978,108600.18486010397
2022-11-14,106771.78209200782,107207.73662378296
2022-11-15,106788.40110524042,108171.99246374662
2022-11-16,106805.02270522015,106623.73935929198
2022-11-17,106821.64689234964,104320.97413167486
2022-11-18,106838.27366703158,104320.97413167486
2022-11-21,106854.90302966871,103997.92624724976
2022-11-22,106871.53498066386,104352.57534100393
2022-11-23,106888.16952041989,103616.58370773654
2022-11-24,106904.80664933975,103863.36175424178
2022-11-25,106921.44636782644,103863.36175424178
2022-11-28,106938.08867628303,101913.07104221161
2022-11-29,106954.73357511265,103396.49245690422
2022-11-30,106971.38106471849,102777.62879079026
2022-12-01,106988.0311455038,104302.45364177976
2022-12-02,107004.6838178719,104302.45364177976
2022-12-05,107021.33908222617,103818.14781858765
2022-12-06,107037.99693897006,102633.8073778778
2022-12-07,107054.65738850705,101034.34861015844
2022-12-08,107071.32043124075,101758.902095268
2022-12-09,107087.98606757475,101758.902095268
2022-12-12,107104.65429791276,100900.88138136327
2022-12-13,107121.32512265853,102122.80810892665
2022-12-14,107137.9985422159,101316.53836534999
2022-12-15,107154.67455698871,100471.59837087925
2022-12-16,107171.35316738095,100471.59837087925
2022-12-19,107188.0343737966,99622.28926981566
2022-12-20,107204.71817663976,98933.69280045576
2022-12-21,107221.40457631453,99762.3001833709
2022-12-22,107238.09357322511,98774.0774329649
2022-12-23,107254.78516777577,98774.0774329649
2022-12-26,107271.47936037084,97502.02900617734
2022-12-27,107288.1761514147,98187.35363315722
2022-12-28,107304.87554131179,98372.57848236657
2022-12-29,107321.57753046663,98928.24637990851
2022-12-30,107338.28211928379,98928.24637990851
2023-01-02,107354.9893081679,98586.67135550219
2023-01-03,107371.69909752368,98850.8925779481
2023-01-04,107388.41148775587,99059.53903053647
2023-01-05,107405.12647926931,98599.20676787283
2023-01-06,107421.84407246888,98599.20676787283
2023-01-09,107438.56426775955,100948.81520224796
2023-01-10,107455.28706554632,100553.85328632356
2023-01-11,107472.01246623427,100704.21173390995
2023-01-12,107488.74047022854,100830.05796399065
2023-01-13,107505.47107793434,100830.05796399065
2023-01-16,107522.20428975693,102777.08348372692
2023-01-17,107538.94010610165,102985.72993631529
2023-01-18,107555.6785273739,103056.00804662457
2023-01-19,107572.4195539791,101291.48084078096
2023-01-20,107589.1631863228,101291.48084078096
2023-01-23,107605.90942481057,101428.76521901951
2023-01-24,107622.65826984806,101364.4788363208
2023-01-25,107639.409721841,99616.84284926842
2023-01-26,107656.16378119514,98610.64491603067
2023-01-27,107672.92044831632,98610.64491603067
2023-01-30,107689.67972361043,98060.96874609932
2023-01-31,107645.25183369133,99445.23737647025
2023-02-01,107865.62259514803,100110.41224245114
2023-02-02,108040.55546168552,102288.42185411423
2023-02-03,108542.72796055648,102288.42185411423
2023-02-06,107708.2410341809,100750.5229337769
2023-02-07,107551.29765305373,100721.10295270117
2023-02-08,107412.52924682974,100185.59146624434
2023-02-09,106858.97890544306,99213.70797748008
2023-02-10,106822.29383518915,99213.70797748008
2023-02-13,106538.98082966142,99932.26973497905
2023-02-14,106803.45220497141,99683.84911719766
2023-02-15,106836.01002156943,100349.56264015577
2023-02-16,106379.64450126214,99435.98045656577
2023-02-17,106221.14887325978,99435.98045656577
2023-02-20,105638.47124881952,98780.06916057548
2023-02-21,105224.19698602291,96797.6319321529
2023-02-22,104517.97857308622,96342.74609003651
2023-02-23,104518.45029895208,95596.94557971517
2023-02-24,104554.16075604262,95596.94557971517
2023-02-27,103700.30693233326,94005.65976785976
2023-02-28,103882.17081418238,94495.95731866246
2023-03-01,103962.22562776363,94768.34484688618
2023-03-02,104162.23373378796,94531.91433441211
2023-03-03,103849.26631530159,94531.91433441211
2023-03-06,104127.68315486191,97105.43116906294
2023-03-07,104797.77810071921,97105.43116906294
2023-03-08,104401.61187369969,97080.91230147112
2023-03-09,104663.35582511874,97545.06171357812
2023-03-10,104835.18962841647,97545.06171357812
2023-03-13,104063.57204691907,93732.7269325727
2023-03-14,103999.50649904516,94908.35576044141
2023-03-15,103608.73532151093,93374.81264652463
2023-03-16,103600.02166180813,93265.3123281718
2023-03-17,103343.72858171731,93265.3123281718
2023-03-20,103305.22704514759,93932.66177231992
2023-03-21,103788.44648666965,94779.23768798067
2023-03-22,103910.77388507983,94978.62722066455
2023-03-23,104527.19056992665,96933.28038920142
2023-03-24,105102.6063791484,96933.28038920142
2023-03-27,104395.55111634919,96469.67628415776
2023-03-28,104594.57881706458,95534.84707535597
2023-03-29,104833.72692253983,93860.74774082062
2023-03-30,104644.76168870731,94159.82871480337
2023-03-31,104586.12849257437,94159.82871480337
2023-04-03,104758.76626646229,94370.65639564508
2023-04-04,105045.38534400731,94671.37329081786
2023-04-05,105220.88752137645,94671.37329081786
2023-04-06,105171.40644525473,94671.37329081786
2023-04-07,105183.59354484617,94671.37329081786
2023-04-10,105223.1886820093,94908.8944174186
2023-04-11,105023.92790150811,94908.8944174186
2023-04-12,104781.49358629258,94908.8944174186
2023-04-13,104623.04361604643,94537.36075495936
2023-04-14,104697.6591673742,94537.36075495936
2023-04-17,104412.68254050499,93727.28051202545
2023-04-18,104630.50428258048,94098.26886742137
2023-04-19,104425.03240747725,93532.25343584828
2023-04-20,104423.79061060192,92869.80510518407
2023-04-21,104420.93438906386,92869.80510518407
2023-04-24,104395.41938837554,94258.98149912505
2023-04-25,104468.32273210397,94258.98149912505
2023-04-26,104606.9603614031,94258.98149912505
2023-04-27,104568.22857177234,94688.80981667242
2023-04-28,104508.29172366767,94688.80981667242
2023-05-01,105419.43383056427,96089.96966583456
2023-05-02,105543.35273896474,96612.40708294354
2023-05-03,105524.75488486633,97767.87949972715
2023-05-04,105434.6155385822,97429.02436055137
2023-05-05,105315.25451228148,97429.02436055137
2023-05-08,105444.90324611691,97463.345455111
2023-05-09,105297.03154916725,96678.32938683227
2023-05-10,104739.24977149072,97905.70253494289
2023-05-11,104851.5810376614,98812.75433394511
2023-05-12,104957.45905711717,98812.75433394511
2023-05-15,104389.3975309966,98719.05462025681
2023-05-16,104781.22390934148,98156.84303795482
2023-05-17,105653.81588763365,99470.3015511254
2023-05-18,104554.92354875835,99506.25191678891
2023-05-19,104641.00051459987,99506.25191678891
2023-05-22,103625.91104498078,98312.65455617459
2023-05-23,104220.53217380492,97251.42716014262
2023-05-24,102539.13381397563,96251.76626157878
2023-05-25,102034.64268143613,96251.76626157878
2023-05-26,101754.24504528959,96251.76626157878
2023-05-29,102917.43089275325,96690.85814911677
2023-05-30,101169.84352931015,96051.29276485436
2023-05-31,102361.3012920719,95314.75582452364
2023-06-01,100900.17839831213,94318.3601182537
2023-06-02,100598.60808817054,94318.3601182537
2023-06-05,102310.36443388862,96302.97857492963
2023-06-06,101798.84761755008,95841.01039107598
2023-06-07,103644.15897143597,97612.06798150737
2023-06-08,105276.12442487871,98036.4498785075
2023-06-09,105270.83845592814,98036.4498785075
2023-06-12,106531.820754535,99253.47549258696
2023-06-13,106741.94399723163,99878.88284346099
2023-06-14,108676.49700347226,99568.35707123426
2023-06-15,107884.56712256743,100468.32652849921
2023-06-16,109001.93579188902,100468.32652849921
2023-06-19,109099.1937789798,100068.46349909091
2023-06-20,105908.9470132379,99938.80676965298
2023-06-21,105414.94341162316,98759.36744242703
2023-06-22,105179.5163225496,98620.99245006182
2023-06-23,104936.25981614708,98620.99245006182
2023-06-26,104005.25073677424,97576.11761584386
2023-06-27,103393.93961959443,96585.71363718451
2023-06-28,102355.15975316709,96792.18551160565
2023-06-29,102953.52107928769,96874.44707713611
2023-06-30,102466.4381593587,96874.44707713611
2023-07-03,102910.8132404094,97567.94465997993
2023-07-04,103957.02115105605,98042.44160611808
2023-07-05,104059.26359352589,98835.09197328356
2023-07-06,103835.66055429129,97742.81532507199
2023-07-07,103308.9474332881,97742.81532507199
2023-07-10,105066.91110733058,97279.75652709167
2023-07-11,104890.65173599974,98253.2692869598
2023-07-12,106416.49300075306,100036.3169826985
2023-07-13,107920.6978091449,100304.34870450164
2023-07-14,108877.37755932528,100304.34870450164
2023-07-17,108772.48978310954,100172.51074681035
2023-07-18,109316.02446000415,102321.10702748386
2023-07-19,111765.57479078113,104787.85007909856
2023-07-20,112119.91240797241,103835.03903737887
2023-07-21,111405.59567965301,103835.03903737887
2023-07-24,111498.70116086268,102298.76938814539
2023-07-25,108733.99727811836,99224.06216159738
2023-07-26,108041.49078480162,101536.62961618231
2023-07-27,108762.20508766787,101536.62961618231
2023-07-28,108104.94376832129,101536.62961618231
2023-07-31,111120.39798633446,103048.38039782396
2023-08-01,112395.84416059923,102510.14237605044
2023-08-02,112740.62795213803,102396.83155834039
2023-08-03,112618.444503111,101883.65106113588
2023-08-04,112149.52475770318,101883.65106113588
2023-08-07,114743.43902874578,103253.76165811844
2023-08-08,113069.2403117513,102659.9555165735
2023-08-09,113225.49253030606,104130.30286191824
2023-08-10,114052.39920012717,104341.13054275996
2023-08-11,113455.50310563091,104341.13054275996
2023-08-14,111298.17534373958,102202.34313914042
2023-08-15,111271.81080612975,102083.5859008831
2023-08-16,110724.35261807521,101700.06213311655
2023-08-17,110115.56279980122,100900.33607429994
2023-08-18,109081.96487345228,100900.33607429994
2023-08-21,108374.78213533328,101674.4593014842
2023-08-22,109423.76812586685,102308.57826519935
2023-08-23,110864.39569204055,102356.51873617017
2023-08-24,110745.1861557846,102121.17218773664
2023-08-25,109714.07383701982,102121.17218773664
2023-08-28,109831.03207074148,102319.47110629384
2023-08-29,109136.305446175,101397.7159668399
2023-08-30,110181.30437186711,101987.70495894147
2023-08-31,110124.77629698275,102219.23435793164
2023-09-01,109612.09764239588,102219.23435793164
2023-09-04,109160.78377942067,101128.59363091007
2023-09-05,108557.1596403722,101780.68777745699
2023-09-06,109697.07637670106,101809.56245146938
2023-09-07,109708.93805652563,101106.25599157161
2023-09-08,109210.8458112541,101106.25599157161
2023-09-11,110238.73288566258,101933.22745329673
2023-09-12,111743.42603583299,102136.42748533784
2023-09-13,110687.44603352559,101278.95207849646
2023-09-14,109983.831124049,101782.323698647
2023-09-15,110036.89268574533,101782.323698647
2023-09-18,111539.27872340757,101735.47384180286
2023-09-19,111512.68282788573,101567.14021138471
2023-09-20,112658.38153889056,102716.6142504716
2023-09-21,113459.7221505763,102700.81364580705
2023-09-22,113234.68326292942,102700.81364580705
2023-09-25,113473.45927948262,102700.81364580705
2023-09-26,113593.85586619475,101561.68714075132
2023-09-27,113756.15011953468,102031.82828046892
2023-09-28,114478.82684523646,102256.27533772182
2023-09-29,114405.97765499758,102256.27533772182
2023-10-02,114757.5409522618,103831.22188793549
2023-10-03,113382.62403935828,102916.54909021882
2023-10-04,112408.95464097873,101731.11803538229
2023-10-05,112523.36887584736,101414.05522848164
2023-10-06,112165.47672076004,101414.05522848164
2023-10-09,105419.74709544226,95308.76409691304
2023-10-10,103084.64473504794,96666.33928152495
2023-10-11,101884.30722793982,95276.61758052063
2023-10-12,100289.04830657963,94848.42518416328
2023-10-13,99997.01723329854,94848.42518416328
2023-10-16,98610.95216632387,93339.94624490166
2023-10-17,97072.270421859,92972.76838886297
2023-10-18,96260.98758647419,93482.1317366241
2023-10-19,94907.07699373616,91812.39485859546
2023-10-20,94556.55443246251,91812.39485859546
2023-10-23,91000.18706750304,88578.61092153378
2023-10-24,90999.29608348031,89087.97426929491
2023-10-25,90638.26350311533,88817.2226622612
2023-10-26,89335.99798004748,87764.17487217931
2023-10-27,89276.18776039424,87764.17487217931
2023-10-30,90233.79760993915,90408.50847411662
2023-10-31,90281.47389920229,90464.07659388805
2023-11-01,90206.23075748101,91098.74086466654
2023-11-02,90702.20512049895,92843.65696648837
2023-11-03,90879.15983914123,92843.65696648837
2023-11-06,91417.98816536005,93974.06520861681
2023-11-07,91704.32786924257,95246.65894246771
2023-11-08,91920.24128547413,94594.01948885745
2023-11-09,92066.3491962301,94001.30396143919
2023-11-10,92046.56906806392,94001.30396143919
2023-11-13,91526.78047902019,91901.19345879984
2023-11-14,91498.06656474009,93796.46800820806
2023-11-15,92013.94887452862,94052.5096247039
2023-11-16,92012.34842806759,95112.6464066092
2023-11-17,92244.74032189944,95112.6464066092
2023-11-20,92854.28067729485,95809.4091817469
2023-11-21,92444.67936905997,96419.56123501972
2023-11-22,94309.8617790802,98619.36317895794
2023-11-23,94304.65333097591,98825.28309622961
2023-11-24,93933.99260199364,98825.28309622961
2023-11-27,94520.31089857216,98212.95646478957
2023-11-28,95700.44750961682,98677.10587689657
2023-11-29,95860.57315817974,99564.54657187703
2023-11-30,94417.24714977191,97800.01936603342
2023-12-01,93425.88098061776,97800.01936603342
2023-12-04,94380.29810615789,98795.86976524002
2023-12-05,95655.01303555064,99993.28427529772
2023-12-06,96143.38578858163,100119.66916235563
2023-12-07,96005.39647029647,99931.72442791572
2023-12-08,95973.48466174779,99931.72442791572
2023-12-11,94593.66443802208,98842.17431502082
2023-12-12,94561.79201830723,98271.79642694103
2023-12-13,95217.82957011196,98322.4567831424
2023-12-14,96916.01541468521,100718.37641738447
2023-12-15,97835.82263441797,100718.37641738447
2023-12-18,98155.43521562796,101131.32016622677
2023-12-19,99706.88815346446,101950.1120220018
2023-12-20,101000.67270406049,103405.21071983149
2023-12-21,100337.06705655842,102578.78456516971
2023-12-22,100417.35914174099,102578.78456516971
2023-12-25,102067.29937874543,102848.99086514008
2023-12-26,101150.97651409607,101786.14084809038
2023-12-27,101183.6603850381,102733.49881917668
2023-12-28,100933.58335092918,102328.18936922112
2023-12-29,100786.29948761297,102328.18936922112
2024-01-01,103314.21570769663,105084.2045177646
2024-01-02,104600.72707122152,104752.98367747558
2024-01-03,102981.62384655027,103773.47918999685
2024-01-04,102389.49392814412,104309.53598351702
2024-01-05,102407.42782895526,104309.53598351702
2024-01-08,98710.88035684629,103423.18590266326
2024-01-09,97453.04721619417,102978.64759457803
2024-01-10,95850.44111280513,102559.71876821129
2024-01-11,95739.11831415999,102809.22335003321
2024-01-12,95535.88276790315,102809.22335003321
2024-01-15,93947.89772852216,101989.88618719482
2024-01-16,91353.2977730963,100589.26499500987
2024-01-17,91247.40793270107,99857.6358182492
2024-01-18,94014.29100483788,101809.01714440604
2024-01-19,94897.93110196161,101809.01714440604
2024-01-22,95375.86996663052,101726.21027181225
2024-01-23,94027.79435832577,101087.7355016765
2024-01-24,95244.69666755717,101899.45166580043
2024-01-25,97016.2470963969,101555.1501060774
2024-01-26,97149.0539513591,101555.1501060774
2024-01-29,99924.5916357007,103084.33741357362
2024-01-30,99490.06376923599,102055.25653393407
2024-01-31,99551.91867808554,101574.22255312197
2024-02-01,99800.5373774974,100875.27189964478
2024-02-02,99205.51365212328,100875.27189964478
2024-02-05,100089.17820281933,100804.4551323583
2024-02-06,101792.70309609073,102278.61297706029
2024-02-07,102256.07345927198,102374.49391900192
2024-02-08,101615.59520746495,101774.15074278307
2024-02-09,100440.23002052758,101774.15074278307
2024-02-12,102222.69936610162,102317.29652812662
2024-02-13,104340.06928654674,102950.86353469231
2024-02-14,104648.09856687406,102910.55071252209
2024-02-15,105655.09821652611,103533.77683514275
2024-02-16,106580.69913917108,103533.77683514275
2024-02-19,109801.50594987776,105493.87642422687
2024-02-20,109674.73757328543,105492.24050303685
2024-02-21,108323.39514662736,105290.13108512243
2024-02-22,107890.9157421628,106126.90477381536
2024-02-23,109133.8818732401,106126.90477381536
2024-02-26,112522.77805472864,107781.38635424279
2024-02-27,112225.98431675203,107781.38635424279
2024-02-28,113314.27659185963,107145.63146933762
2024-02-29,114778.43854927598,108068.48387300437
2024-03-01,115469.89906255869,108068.48387300437
2024-03-04,119056.14578628623,108903.07633344395
2024-03-05,119747.08481482841,108182.33999777777
2024-03-06,119254.94393031954,108422.04235263188
2024-03-07,117249.20440376668,107504.09771253516
2024-03-08,117311.4130362468,107504.09771253516
2024-03-11,115483.56618769615,106080.60022403456
2024-03-12,112502.92473606297,105485.70346836293
2024-03-13,113292.96936647894,105526.56159759649
2024-03-14,113060.62287943052,104796.56169193969
2024-03-15,112490.90813985231,104796.56169193969
2024-03-18,116131.1036495003,107457.79316275436
2024-03-19,117715.61461724958,108074.47560061495
2024-03-20,118071.96992183891,109557.89701530756
2024-03-21,120208.34229512622,110418.09895746564
2024-03-22,121937.43758061226,110418.09895746564
2024-03-25,121261.33444671983,111198.21391226047
2024-03-26,121178.7068739083,111320.24299289781
2024-03-27,120613.408645283,110968.86574152367
2024-03-28,118992.94784958355,110652.8935487497
2024-03-29,118992.94784958355,110652.8935487497
2024-04-01,117221.59942543392,111228.17920039954
2024-04-02,116210.16127932133,109169.4721340571
2024-04-03,113743.14813311689,109427.14967174295
2024-04-04,110953.73001709596,107901.77951369011
2024-04-05,111066.91392752039,107901.77951369011
2024-04-08,112255.67361019159,110498.17929474275
2024-04-09,114124.80531264769,109353.06106207643
2024-04-10,111571.29302075873,108310.3608060257
2024-04-11,107616.23676857076,106533.85014496092
2024-04-12,107076.03492696302,106533.85014496092
2024-04-15,107770.33825545575,105755.3711113561
2024-04-16,108318.54532613828,105407.25905227585
2024-04-17,107036.88887174289,104338.41065752941
2024-04-18,108377.86282842519,105499.86815183745
2024-04-19,108180.77340184814,105499.86815183745
2024-04-22,109281.13951710105,105499.86815183745
2024-04-23,108641.5753099809,105499.86815183745
2024-04-24,109983.63369791907,107038.85768630149
2024-04-25,108481.27128940426,106283.25494901232
2024-04-26,107742.88781733811,106283.25494901232
2024-04-29,107068.78257224451,106283.25494901232
2024-04-30,110493.0261016124,107501.91648428181
2024-05-01,110049.39203477082,106666.77871677889
2024-05-02,108829.047070908,107034.50187988092
2024-05-03,109722.42804434388,107034.50187988092
2024-05-06,112212.86389829112,107289.45288225007
2024-05-07,112266.87643609283,108924.32335865575
2024-05-08,113649.14523947988,109469.09841510319
2024-05-09,118043.68175753715,110395.76131812717
2024-05-10,117512.32301706055,110395.76131812717
2024-05-13,117531.87477515428,110395.76131812717
2024-05-14,117803.0588160254,110395.76131812717
2024-05-15,119650.32558224797,110914.38823587893
2024-05-16,119574.65924315168,108933.04162158302
2024-05-17,118804.61514720999,108933.04162158302
2024-05-20,117340.96543336994,108368.11015405048
2024-05-21,117797.39696722025,107765.58574957825
2024-05-22,118738.82829984861,107326.50051212641
2024-05-23,117971.83089154965,106994.1890577107
2024-05-24,117945.49326145925,106994.1890577107
2024-05-27,118041.11696526308,107327.04581918975
2024-05-28,117653.11976063097,108289.12043090005
2024-05-29,119211.09936064087,108544.07143326922
2024-05-30,119344.91283477972,108738.55985246919
2024-05-31,119307.20089677184,108738.55985246919
2024-06-03,118279.40427435494,109329.63945869743
2024-06-04,120282.1415245945,108781.04725280662
2024-06-05,120486.81146514352,107104.77334010406
2024-06-06,118719.47144511004,106042.46198003154
2024-06-07,118227.33212483363,106042.46198003154
2024-06-10,119732.89664213001,106872.15997707336
2024-06-11,120230.25941716743,106872.15997707336
2024-06-12,121599.50887145725,106872.15997707336
2024-06-13,124079.22033027017,107258.40363007048
2024-06-14,123091.85344258584,107258.40363007048
2024-06-17,122653.53536903579,107906.14197019683
2024-06-18,124889.85672038006,107675.15787827
2024-06-19,123569.53264482616,107658.26665947877
2024-06-20,122290.86264352084,105723.22459496369
2024-06-21,121818.38342991185,105723.22459496369
2024-06-24,117951.93008559612,105018.83417102537
2024-06-25,121036.163302119,105893.73945363518
2024-06-26,122245.54377957099,107058.46879032326
2024-06-27,123102.23352490591,106235.3144780415
2024-06-28,122922.0070670248,106235.3144780415
2024-07-01,120967.5472730354,105838.71664092709
2024-07-02,122006.2928015838,106326.29430649924
2024-07-03,123266.23126456236,106995.81832881457
2024-07-04,125716.4172189339,108688.438153245
2024-07-05,126537.32680926468,108688.438153245
2024-07-08,129557.35941680422,110566.821483862
2024-07-09,131067.33849726385,111192.22218464989
2024-07-10,131273.7877561582,110519.42631995452
2024-07-11,132808.63302048855,112214.76602961552
2024-07-12,133506.2375198695,112214.76602961552
2024-07-15,136218.58678046035,112531.82883651617
2024-07-16,135663.49874140517,112626.61916433113
2024-07-17,135717.19390437988,112018.0963821622
2024-07-18,135108.33293139204,111565.9370753625
2024-07-19,134956.2186806204,111565.9370753625
2024-07-22,134799.89424417645,111234.71623507347
2024-07-23,138139.53767457345,112613.54509498329
2024-07-24,138620.59133776664,112560.70351052856
2024-07-25,137610.05492027127,111819.80411369113
2024-07-26,136881.72855873604,111819.80411369113
2024-07-29,133448.33082094093,109714.24719050454
2024-07-30,128441.77274997241,108788.12959454389
2024-07-31,126363.51937286669,108988.60974135445
2024-08-01,124143.46504285268,107313.42644277855
2024-08-02,123075.83472233843,107313.42644277855
2024-08-05,116377.24896473104,103990.29859844915
2024-08-06,118465.40216266857,105599.02093615913
2024-08-07,119998.17903203751,107476.31365264945
2024-08-08,125160.19363061555,108879.10942300162
2024-08-09,125236.5350896916,108879.10942300162
2024-08-12,128763.13892090347,107611.41680263463
2024-08-13,127066.59529657167,107611.41680263463
2024-08-14,130994.61632975715,109526.30245606463
2024-08-15,134212.18240925882,111231.98969975677
2024-08-16,135408.71072890397,111231.98969975677
2024-08-19,135078.29599792397,111356.7453157108
2024-08-20,136461.1148272724,111474.41858992758
2024-08-21,136820.29520526895,110677.95772340485
2024-08-22,135117.49432104852,110878.43122012928
2024-08-23,135749.74222162302,110878.43122012928
2024-08-26,137298.4671579679,112663.66014412133
2024-08-27,138043.54032291888,112593.38203381204
2024-08-28,139245.61461433503,113464.47681706461
2024-08-29,140307.1204680262,113546.19307553173
2024-08-30,140111.5656542113,113546.19307553173
2024-09-02,137747.35952742473,113664.96361396131
2024-09-03,135558.90828645587,112206.05441677438
2024-09-04,133348.4526960696,111580.64706590037
2024-09-05,132500.4959341515,113057.53144591904
2024-09-06,131748.00086223285,113057.53144591904
2024-09-09,130929.3466937137,110947.61871631189
2024-09-10,130076.1429113434,110789.08731286156
2024-09-11,129489.79347979059,110909.48712239502
2024-09-12,130722.70637499803,112012.65661170108
2024-09-13,132556.30437333495,112012.65661170108
2024-09-16,131012.71957608928,109924.52956428292
2024-09-17,127101.91009834479,108436.75234316973
2024-09-18,126901.20897500643,109008.76615243955
2024-09-19,127180.46512161037,108164.36481494602
2024-09-20,127379.33926990871,108164.36481494602
2024-09-23,128621.85105802027,110058.00344316421
2024-09-24,130242.29032006525,111400.32998026106
2024-09-25,131863.55657132785,112383.65161718315
2024-09-26,132671.11279049504,114068.63714272685
2024-09-27,134509.6591073856,114068.63714272685
2024-09-30,136812.59833974566,115549.33202210275
2024-10-01,137208.78123335118,114131.82626121273
2024-10-02,135803.66367603003,114131.82626121273
2024-10-03,134723.34134718205,114131.82626121273
2024-10-04,134053.73460129448,114131.82626121273
2024-10-07,133514.3009547452,114015.79555827212
2024-10-08,134239.62750454596,114129.64503295938
2024-10-09,135727.62658998492,114934.27885534603
2024-10-10,135404.9098923833,113830.56405897663
2024-10-11,135338.769244236,113830.56405897663
2024-10-14,136792.09079083748,115453.99638722446
2024-10-15,136742.7365891266,116243.92021907325
2024-10-16,136816.24426477557,116243.92021907325
2024-10-17,136883.62726310952,116243.92021907325
2024-10-18,137698.3970679662,116243.92021907325
2024-10-21,141508.3869359737,118482.4057140778
2024-10-22,138591.73898516828,117429.89658097312
2024-10-23,139079.51907176946,117429.89658097312
2024-10-24,138170.73170896777,117429.89658097312
2024-10-25,138156.15878401374,117429.89658097312
2024-10-28,137457.64712910002,118521.62792212135
2024-10-29,139992.07128694994,119480.9826486011
2024-10-30,141611.8149739307,121310.8735510978
2024-10-31,140962.18148668678,120735.04259238462
2024-11-01,139388.32719792865,120735.04259238462
2024-11-04,138285.0630689404,120670.21755270871
2024-11-05,138520.32220879162,121219.9003727262
2024-11-06,137407.18003480314,121598.51637692272
2024-11-07,136747.7202611212,121716.72830811668
2024-11-08,137410.41228075552,121716.72830811668
2024-11-11,139817.32642022346,124144.79445875117
2024-11-12,139341.5158762695,125215.81743166484
2024-11-13,141180.75201174343,125722.4608941954
2024-11-14,140917.81549185666,124401.38138231036
2024-11-15,141468.15909578797,124401.38138231036
2024-11-18,139960.80291848618,124029.85436993724
2024-11-19,141391.90898319762,124359.43263895012
2024-11-20,141495.00520273412,124064.16881441073
2024-11-21,142295.648679521,124432.4372845761
2024-11-22,143170.82888345906,124432.4372845761
2024-11-25,145088.02949034612,125934.93114631328
2024-11-26,147313.51682891662,127010.86188279698
2024-11-27,146535.31313395954,125794.92023275804
2024-11-28,145694.65006522226,125157.53607674899
2024-11-29,146045.10411994357,125157.53607674899
2024-12-02,147642.38551362423,127044.63102020713
2024-12-03,149151.03121934156,128592.87747457564
2024-12-04,151096.10772265398,128959.52332372326
2024-12-05,151142.5120843314,128912.66681679297
2024-12-06,151836.04712697744,128912.66681679297
2024-12-09,154745.67814529187,131165.8623023354
2024-12-10,156622.19315172592,130728.40633598743
2024-12-11,153911.89365524895,129992.96000978339
2024-12-12,153113.77519658871,129725.46694495743
2024-12-13,153650.50702345578,129725.46694495743
2024-12-16,153095.96384997803,130373.21193516992
2024-12-17,159683.11832517548,131444.23490808357
2024-12-18,161723.3081293129,132158.9861662253
2024-12-19,161482.37537155455,130869.49456349706
2024-12-20,158687.12217917602,130869.49456349706
2024-12-23,162987.3215106394,132124.65842157954
2024-12-24,162816.56465880625,132740.2568953996
2024-12-25,162334.84923011405,132156.2596309086
2024-12-26,161696.70933846847,131255.74486658032
2024-12-27,160484.86418629505,131255.74486658032
2024-12-30,159159.50465246112,130506.67916396509
2024-12-31,156710.83287920107,132349.11212891858
2025-01-01,158695.7414794421,133024.08257178115
2025-01-02,160886.48221385284,133768.78581788967
2025-01-03,160298.1660070174,133768.78581788967
2025-01-06,163091.00691139366,136388.0685453441
2025-01-07,162978.23312364751,136374.99447599627
2025-01-08,161037.60892649053,135279.45928557692
2025-01-09,160011.49571226377,135701.11464726037
2025-01-10,160160.99165935148,135701.11464726037
2025-01-13,158431.07312008578,135837.85371843557
2025-01-14,161295.75600803527,137787.59247331624
2025-01-15,164395.14387359156,139526.5234976136
2025-01-16,166102.63922710047,139989.03698853063
2025-01-17,165732.08319048584,139989.03698853063
2025-01-20,168973.23262437023,141449.56880673527
2025-01-21,168788.22107063347,141393.4686800728
2025-01-22,166589.97163073867,140406.87520077068
2025-01-23,167718.03400176074,139489.46921765117
2025-01-24,165474.97579150018,139489.46921765117
2025-01-27,163952.69280569052,136498.11417076027
2025-01-28,163129.64080865498,136675.71137116902
2025-01-29,164318.05677573147,137395.35709270855
2025-01-30,164340.30611380993,136367.91878434515
2025-01-31,165148.6986243249,136367.91878434515
2025-02-03,166390.99279839607,136436.5609734644
2025-02-04,168911.2414958287,138404.281561263
2025-02-05,173190.58212176495,140600.8183129073
2025-02-06,173260.075347803,140337.14239752473
2025-02-07,172838.6063544856,140337.14239752473
2025-02-10,176594.21631888757,141148.31990467146
2025-02-11,176617.5749346694,140064.20956223767
2025-02-12,173714.29654345504,137985.8980419596
2025-02-13,175772.76656380814,140372.01544923385
2025-02-14,177169.009829216,140372.01544923385
2025-02-17,178324.5865594275,140214.56800982406
2025-02-18,180290.84240004534,142310.86136302003
2025-02-19,178959.9762008084,141926.24698112678
2025-02-20,180001.53579180336,141151.03313981587
2025-02-21,179871.51331478587,141151.03313981587
2025-02-24,175601.13266262758,138417.35563061084
2025-02-25,173939.75485587673,138075.7806062045
2025-02-26,175445.93455881745,138650.52095079102
2025-02-27,176527.64135333613,138651.6115649177
2025-02-28,175485.5043960455,138651.6115649177
2025-03-03,176938.29128000824,139874.0835995444
2025-03-04,172397.85530659463,136942.10052169603
2025-03-05,171481.96338738585,138271.9049465945
2025-03-06,172365.88999442267,137403.53669865863
2025-03-07,172906.18689815386,137403.53669865863
2025-03-10,172901.17412374748,137818.64837558198
2025-03-11,172355.43150280626,137247.1798733755
2025-03-12,174946.3741408424,139319.50631612915
2025-03-13,177367.2025724883,140071.29855406107
2025-03-14,176228.20813696776,140071.29855406107
2025-03-17,181142.21512548896,141325.9171050802
2025-03-18,178001.73239463734,139847.9354608487
2025-03-19,172384.76292317177,138544.83778188156
2025-03-20,169723.77585001796,138044.1926970477
2025-03-21,169120.4141361,138044.1926970477
2025-03-24,163761.25528718022,135580.70818764076
2025-03-25,166519.35847684587,136088.98757136136
2025-03-26,163553.87535338293,134342.43554834952
2025-03-27,164875.53630036386,135799.70882434642
2025-03-28,165484.4681307591,135799.70882434642
2025-03-31,159043.48199534914,133418.49918064222
2025-04-01,158838.23428831474,134289.04865683144
2025-04-02,162473.7790633171,136481.22295196904
2025-04-03,160668.5919068975,135318.13618655712
2025-04-04,160554.02584422746,135318.13618655712
2025-04-07,151992.7137393158,131218.1585797268
2025-04-08,153221.6931524779,133318.8010892572
2025-04-09,149348.2506329966,131104.84111193058
2025-04-10,150115.46305133143,133890.28289163596
2025-04-11,152691.8030290767,133890.28289163596
2025-04-14,160040.91756782896,136957.90112636058
2025-04-15,163208.02770310183,137721.67681951367
2025-04-16,164403.6742269822,138259.92149137333
2025-04-17,164170.3147863714,138319.83876747917
2025-04-18,164170.32142221657,138319.83876747917
2025-04-21,160080.01255181644,136319.9716632882
2025-04-22,158115.09877719177,136843.50634460998
2025-04-23,161433.92918118523,139182.2219378906
2025-04-24,165260.7044995149,139237.79005766203
2025-04-25,166197.91790658867,139237.79005766203
2025-04-28,166223.32360112175,138996.45843170406
2025-04-29,167749.25310450804,139451.88293079764
2025-04-30,167453.95356293322,139451.88293079764
2025-05-01,166752.7234639559,139451.88293079764
2025-05-02,167887.56639486825,139451.88293079764
2025-05-05,169840.80371274147,141091.66117077335
2025-05-06,168969.74883286218,141843.45340870527
2025-05-07,174383.6592651854,144055.77746484187
2025-05-08,176542.84917966364,145571.34539592688
2025-05-09,176831.7408638684,145571.34539592688
2025-05-12,179225.83342947884,145286.42910541865
2025-05-13,179008.23354678813,145310.39601586098
2025-05-14,183361.66641177263,146344.37800898447
2025-05-15,183899.73704042233,146037.67603628724
2025-05-16,183223.23079965665,146037.67603628724
2025-05-19,187530.27054665866,146943.0852640133
2025-05-20,187250.2118301242,146369.98084061683
2025-05-21,186490.855656835,145110.46782619992
2025-05-22,184387.37887181263,143180.86553214592
2025-05-23,181843.14907641232,143180.86553214592
2025-05-26,187432.96217753665,146413.56550516706
2025-05-27,189813.951035159,146962.15771105787
2025-05-28,193082.95999434884,147797.834135538
2025-05-29,196970.09876692167,148577.41043335563
2025-05-30,196947.04772014805,148577.41043335563
2025-06-02,196090.35880565914,148577.41043335563
2025-06-03,197302.49303997893,148816.0288241692
2025-06-04,196200.67890600502,148500.05663139521
2025-06-05,200212.8916449283,150138.730957072
2025-06-06,199793.0516337909,150138.730957072
2025-06-09,200937.7810692835,149762.29618112883
2025-06-10,200767.68074312992,149544.38615854984
2025-06-11,201748.91667800694,150194.2990768434
2025-06-12,196602.5172636287,147551.04943894665
2025-06-13,192658.87264179238,147551.04943894665
2025-06-16,198499.6368851218,148370.39325187114
2025-06-17,206677.6660962073,152414.25743186675
2025-06-18,209902.2145216713,154879.90986935474
2025-06-19,215825.84523463892,156427.07900976884
2025-06-20,214448.2430195498,156427.07900976884
2025-06-23,216342.02794604542,157091.70191860027
2025-06-24,220174.05253257253,159211.41687517526
2025-06-25,229031.47900566805,162067.1367651899
2025-06-26,224800.64747676387,160981.39050156611
2025-06-27,225550.87849599143,160981.39050156611
2025-06-30,222746.92455098024,164799.72366026824
2025-07-01,222437.36052431993,164937.55334557014
2025-07-02,224278.25673909398,167861.90212453177
2025-07-03,225044.83161823603,168875.1890495929
2025-07-07,228108.83906035314,168477.50059835182
2025-07-08,224240.03570782172,167701.74144997756
2025-07-09,230272.00327076862,170484.45669436624
2025-07-10,233884.3632362828,170151.0479757377
2025-07-11,234303.33035594114,170151.0479757377
2025-07-14,225343.88892207496,166564.78952308904
2025-07-15,227336.41298743495,167584.62013291026
2025-07-16,227858.64546136395,166988.0808059625
2025-07-17,231451.65556702585,168290.6464780386
2025-07-18,231239.566675559,168290.6464780386
2025-07-21,234470.67096842715,169608.4541475436
2025-07-22,235905.94662593468,169642.22328495377
2025-07-23,241170.6698531023,171820.24619678914
2025-07-24,241472.87259392775,169781.68889144566
2025-07-25,241292.00661127595,169781.68889144566
2025-07-28,238910.97243406792,169480.97199627289
2025-07-29,239207.8661886636,169311.5544018142
2025-07-30,236448.34984258946,168298.8127838164
2025-07-31,226165.0923073107,168101.611129472
2025-08-01,225130.68897051548,168101.611129472
2025-08-04,220518.50741584983,166144.2247755323
2025-08-05,214315.36209879952,163705.26578380333
2025-08-06,213217.10026151137,162331.34468746354
2025-08-07,210949.71502080944,162644.0450378575
2025-08-08,211215.82751113444,162644.0450378575
2025-08-11,215485.46055031352,163231.3141447285
2025-08-12,211121.45631680248,160363.07879260162
2025-08-13,217177.36251701016,163929.71949114237
2025-08-14,223033.0489961849,165333.06056855785
2025-08-15,222890.55870566808,165333.06056855785
2025-08-18,224701.42213524217,166301.67221494208
2025-08-19,224093.40803819508,167384.13333601356
2025-08-20,220755.72238526508,165927.40536708
2025-08-21,224183.72185069637,167067.61583617626
2025-08-22,224475.90490838466,167067.61583617626
2025-08-25,229724.07089015652,169856.874765325
2025-08-26,232723.80212625628,170578.15640805452
2025-08-27,234226.82120777722,170851.6345504049
2025-08-28,234031.03242310433,170635.36044901595
2025-08-29,234305.77681136457,170635.36044901595
2025-09-01,226674.2191876299,168930.75716936434
2025-09-02,220459.526244805,166339.25850179562
2025-09-03,223192.92080268817,167734.43327343333
2025-09-04,229647.28931570932,169552.88602777218
2025-09-05,229352.97510814344,169552.88602777218
2025-09-08,230665.58305109505,171781.01068857333
2025-09-09,234642.12959107273,174695.55724056714
2025-09-10,231128.41979278394,174292.97432592828
2025-09-11,225878.8535803061,172429.84629291247
2025-09-12,225881.5626968109,172429.84629291247
2025-09-15,219449.62451120504,169494.04606562073
2025-09-16,219758.62315016455,169805.11049482465
2025-09-17,212294.31501325738,165996.04755619928
2025-09-18,213984.44123008137,167615.1174279404
2025-09-19,213912.74074318452,167615.1174279404
2025-09-22,214483.25908816434,167615.1174279404
2025-09-23,213561.28460499796,167615.1174279404
2025-09-24,214061.32414811297,167615.1174279404
2025-09-25,212740.38582474465,167347.63766328673
2025-09-26,212997.64382870786,167347.63766328673
2025-09-29,222841.95245656386,171703.11157954956
2025-09-30,228673.5746713825,177119.2609346949
2025-10-01,229399.0689627942,177119.2609346949
2025-10-02,228539.77996832205,177119.2609346949
2025-10-03,228411.65549950564,177119.2609346949
2025-10-06,229339.36696247934,177119.2609346949
2025-10-07,231443.58991080674,177119.2609346949
2025-10-08,233400.4296256374,177899.92784663924
2025-10-09,238697.47877811315,182713.0207904213
2025-10-10,239984.89582041395,182713.0207904213
2025-10-13,239230.81334761233,182713.0207904213
2025-10-14,238040.48877844412,182713.0207904213
2025-10-15,230194.2355917854,181294.4244154046
2025-10-16,229433.32564765317,179837.15113940768
2025-10-17,228616.16384269117,179837.15113940768
2025-10-20,225550.79663130987,178918.10923509815
2025-10-21,228883.90877921408,177172.11581932192
2025-10-22,228224.19158505445,177443.9580404823
2025-10-23,231685.00447973414,178665.33946098233
2025-10-24,231997.56931578444,178665.33946098233
2025-10-27,232335.74877170322,180476.7165236701
2025-10-28,232527.02183667943,178786.82323455633
2025-10-29,233891.52001520584,181545.01296126706
2025-10-30,240827.64903335602,182029.3254345453
2025-10-31,240557.5359695334,182029.3254345453
2025-11-03,247264.73677365264,184760.27640843362
2025-11-04,246842.81359488863,184396.37039477497
2025-11-05,253795.2846646862,185914.11955411336
2025-11-06,256718.82429700674,184784.25661904825
2025-11-07,255541.9537786973,184784.25661904825
2025-11-10,264520.3730927858,186635.40119684287
2025-11-11,263789.18422633986,187553.8844939168
2025-11-12,272038.97719213297,189904.05153552754
2025-11-13,274685.48071630794,190266.86693505952
2025-11-14,272733.29912503966,190266.86693505952
2025-11-17,278241.29025508737,190696.15659562967
2025-11-18,270542.48186165624,187078.29693365196
2025-11-19,270133.3746235923,187452.56378151404
2025-11-20,265472.25537003315,185381.32795288708
2025-11-21,267928.0430995716,185381.32795288708
2025-11-24,272304.39473742497,185963.1439891247
2025-11-25,264085.131741483,184785.34723317492
2025-11-26,261360.64568928964,186424.56686591503
2025-11-27,262927.8475246706,187467.2737720519
2025-11-28,263224.9996870166,187467.2737720519
2025-12-01,260350.89764934577,189575.55058046905
2025-12-02,268871.86187519983,192891.58943297504
2025-12-03,264210.86790665705,191422.87800882032
2025-12-04,267473.173729761,192757.57689711655
2025-12-05,266836.7861617535,192757.57689711655
2025-12-08,274868.1185657152,194783.0468329399
2025-12-09,273462.04411218845,195587.13534826323
2025-12-10,278142.9759722255,196813.4245323333
2025-12-11,277792.2546964538,198880.85651168917
2025-12-12,280167.317146288,198880.85651168917
2025-12-15,275761.1293820592,196639.6444813679
2025-12-16,278050.52276816283,197783.1267928442
2025-12-17,280813.4405945117,199323.2069414349
2025-12-18,283686.63483613805,200844.75995004436
2025-12-19,285565.3369003006,200844.75995004436
2025-12-22,291147.1732100095,202974.29043375945
2025-12-23,295280.3553312454,203226.5282009842
2025-12-24,297445.5381939884,203936.90370244696
2025-12-25,284557.8537759015,197724.83213775608
2025-12-26,285200.8824900054,197724.83213775608
2025-12-29,288352.27135603584,198958.2103136496
2025-12-30,290924.35756911966,201027.81022108652
2025-12-31,275047.1150167529,199253.47413818896
2026-01-01,281213.4817475554,203510.35387736576
2026-01-02,280359.91443316214,203510.35387736576
2026-01-05,288663.7197033208,206837.83087802958
2026-01-06,295324.58518125874,212102.54447163414
2026-01-07,289822.7678798799,212269.79413801176
2026-01-08,290169.32338781527,211451.5409392139
2026-01-09,293332.8026091963,212999.24208651908
2026-01-12,294953.6792791835,214040.845078357
2026-01-13,297312.3322592183,213333.18281203866
2026-01-14,302360.6794470518,216089.74991773162
2026-01-15,300405.7386695832,217444.06656013578
2026-01-16,301116.1967722283,218159.8951322319
2026-01-19,304825.3752192455,217389.58905449102
2026-01-20,304291.9960286746,215893.0802702783
2026-01-21,302481.88632613764,214853.65850669373
2026-01-22,311561.8105231123,217415.7371931867
2026-01-23,319615.6163444512,218559.21950466302
2026-01-26,324222.2081932215,219602.45841769094
2026-01-27,322434.03857566725,219479.88402999027
2026-01-28,320250.1067187282,217581.3509383743
2026-01-29,324315.20126552443,217119.91476141172
2026-01-30,325915.59743722057,217813.95765131887
2026-02-02,319964.5081492086,220237.66134544666
2026-02-03,334536.6713744931,223878.95591097567
2026-02-04,333902.51016349957,223551.53226987156
2026-02-05,322134.9926312205,219534.36153563502
2026-02-06,321603.2223335695,219623.7120929889
2026-02-09,334401.0686661807,223104.2740765558
2026-02-10,341218.80016438605,226869.7656508032
2026-02-11,340060.94732696755,225460.95820258203
2026-02-12,343564.50604797836,227161.75763296254
2026-02-13,346337.766256634,225956.17681712707
2026-02-16,349453.8714077651,227014.65772758392
2026-02-17,359652.0495106073,227210.25006108286
2026-02-18,369090.6405942066,229083.71232795753
2026-02-19,361978.6264945054,227476.09390454652
2026-02-20,359360.6014490249,229092.43724097093
2026-02-23,371255.0788127412,229199.2110240071
2026-02-24,357313.9029043226,224389.94852984065
2026-02-25,362846.98188267724,223666.4723586855
2026-02-26,364425.37547356426,221006.3448021698
2026-02-27,362210.134828027,222128.58673852045
2026-03-02,379324.86710192077,232368.72187854233
2026-03-03,384873.4704824179,232368.72187854233
2026-03-04,381071.2951892467,232638.3695712771
2026-03-05,395575.44628614985,236129.85099628306
2026-03-06,389365.6476131727,236004.00476620233
2026-03-09,369296.0469690902,229206.2867156582
2026-03-10,360922.8507096865,226526.54140503457
2026-03-11,371087.09793269867,226992.87204539494
2026-03-12,363349.879839012,223249.72476057213
2026-03-13,366426.1695825171,224484.72555748335
2026-03-16,379947.7387355171,224330.5499604536
2026-03-17,390616.3230098185,227822.03138545956
2026-03-18,400734.567591127,230538.27236881002
2026-03-19,407152.6118005397,230648.87660146182
2026-03-20,408590.62660459965,231291.14192069636
2026-03-23,401112.2090799573,230157.48843653244
2026-03-24,393924.4459909774,227336.09629116356
2026-03-25,392214.0145401322,229253.15652276075
2026-03-26,390703.1563059446,227238.5794280319
2026-03-27,370573.2956900975,219214.04018652663
2026-03-30,364650.28031778627,214879.8066453894
2026-03-31,356148.31446652324,218966.16487580858
2026-04-01,357167.67125112895,218966.16487580858
2026-04-02,359418.8194547749,218966.16487580858
2026-04-03,357665.68377008016,223930.69358113143
2026-04-06,359731.1574427528,226585.38136718603
2026-04-07,357939.1970929312,226585.38136718603
2026-04-08,358075.96516653337,226585.38136718603
2026-04-09,381925.9850315416,231988.4699531558
2026-04-10,395272.6747761751,236340.6853272109
2026-04-13,390066.65105985635,232926.02569727428
2026-04-14,387307.11540704884,236305.81227550178
2026-04-15,337462.78795539687,234985.2647705078
2026-04-16,396189.00234853546,234985.2647705078
