Date,Value
2017-01-31,99980.11594157678
2017-02-01,99865.168237624
2017-02-02,100176.76262075032
2017-02-03,100818.56619949301
2017-02-06,100518.2204800487
2017-02-07,101123.81465957772
2017-02-08,101285.48745954769
2017-02-09,101823.22303234832
2017-02-10,101944.67009675894
2017-02-13,102613.68868231827
2017-02-14,102946.35703037611
2017-02-15,104091.43752153392
2017-02-16,104101.04758735638
2017-02-17,104357.1358755757
2017-02-20,104357.21200938057
2017-02-21,104836.90164490044
2017-02-22,104681.5580591495
2017-02-23,104966.15110473007
2017-02-24,105449.57763594581
2017-02-27,104951.79316579869
2017-02-28,105032.13417449029
2017-03-01,106193.6453529683
2017-03-02,105800.95194112869
2017-03-03,105682.05906020325
2017-03-06,105116.44290457442
2017-03-07,104624.03966770913
2017-03-08,104732.97404301078
2017-03-09,104641.29043109082
2017-03-10,105389.01339985986
2017-03-13,105247.41533062374
2017-03-14,104720.23828965546
2017-03-15,106109.50926021682
2017-03-16,105479.93597164811
2017-03-17,105884.27109137707
2017-03-20,105496.67364078197
2017-03-21,104671.05855020709
2017-03-22,105182.80158509767
2017-03-23,105044.1824537237
2017-03-24,105005.70348399115
2017-03-27,104783.38406314587
2017-03-28,105444.13587713217
2017-03-29,105302.20521138926
2017-03-30,105189.83949862658
2017-03-31,105026.23549891176
2017-04-03,104611.47963388459
2017-04-04,104162.53690462024
2017-04-05,103820.4595400472
2017-04-06,103973.41963641881
2017-04-07,103903.95438131224
2017-04-10,104091.94294419249
2017-04-11,104272.2710651439
2017-04-12,104076.96604051057
2017-04-13,103383.03632290389
2017-04-17,104250.47018975999
2017-04-18,104235.70402337331
2017-04-19,104382.53345515337
2017-04-20,105526.75190779993
2017-04-21,105370.67513906526
2017-04-24,106784.03222152093
2017-04-25,106975.40406489675
2017-04-26,106617.93105005288
2017-04-27,106447.18653934209
2017-04-28,105958.85260988532
2017-05-01,106231.57289976957
2017-05-02,106213.20308792562
2017-05-03,105681.7077286247
2017-05-04,106376.25084622143
2017-05-05,106833.6544984414
2017-05-08,107062.33640035886
2017-05-09,107752.07619217315
2017-05-10,107970.39264791843
2017-05-11,107559.941347132
2017-05-12,107590.3833907759
2017-05-15,108410.22412917277
2017-05-16,108510.28485080528
2017-05-17,106295.30026087299
2017-05-18,107038.13381250999
2017-05-19,108808.9891628681
2017-05-22,109702.02436630071
2017-05-23,110058.50306798145
2017-05-24,110035.75993702505
2017-05-25,110786.25966840987
2017-05-26,111064.25770380309
2017-05-29,111064.33692322642
2017-05-30,111243.41387064199
2017-05-31,111200.06481391168
2017-06-01,111941.24031834312
2017-06-02,112239.6194334282
2017-06-05,111618.3287937653
2017-06-06,111608.45190784648
2017-06-07,111985.97329439699
2017-06-08,111741.76986434414
2017-06-09,110624.88243232264
2017-06-12,110718.44914126152
2017-06-13,111378.2592493438
2017-06-14,111204.1307432715
2017-06-15,111116.2380119306
2017-06-16,111320.28913847437
2017-06-19,112184.21874280689
2017-06-20,110988.12955186496
2017-06-21,110901.52658333146
2017-06-22,111159.40785922701
2017-06-23,110996.36234175348
2017-06-26,110966.50846009536
2017-06-27,109861.86124797503
2017-06-28,110189.24405725306
2017-06-29,109162.14580297847
2017-06-30,109409.49170887214
2017-07-03,108987.48664337883
2017-07-04,108987.55332403025
2017-07-05,109081.0070508155
2017-07-06,108176.96181404278
2017-07-07,109141.7478387042
2017-07-10,109084.74128399223
2017-07-11,108771.50255325518
2017-07-12,110222.48877007194
2017-07-13,110487.37700640135
2017-07-14,111165.47806837695
2017-07-17,111039.12016349279
2017-07-18,110930.51461787242
2017-07-19,111559.63064261863
2017-07-20,112273.78596577526
2017-07-21,112424.70599685132
2017-07-24,112029.66154311429
2017-07-25,112023.17441414336
2017-07-26,112551.43415461753
2017-07-27,112388.14648353218
2017-07-28,112319.84927701773
2017-07-31,112326.05023096676
2017-08-01,113033.71203912653
2017-08-02,112857.34776785871
2017-08-03,112589.62176190162
2017-08-04,112636.41204058906
2017-08-07,113057.87516958811
2017-08-08,112702.4482197462
2017-08-09,112484.38496379985
2017-08-10,110844.00041577738
2017-08-11,109477.80970966976
2017-08-14,110149.556871892
2017-08-15,109532.467358638
2017-08-16,110042.83712652484
2017-08-17,108995.5841273559
2017-08-18,108942.44965995589
2017-08-21,109230.38903529549
2017-08-22,109877.85089625466
2017-08-23,109617.55437826703
2017-08-24,109512.08347730091
2017-08-25,110066.10865873066
2017-08-28,110242.1964912825
2017-08-29,110351.55965855026
2017-08-30,111087.8034194774
2017-08-31,111753.76403548366
2017-09-01,112135.07033202295
2017-09-04,112135.12338300378
2017-09-05,111346.56748793434
2017-09-06,111860.95716551531
2017-09-07,112669.18016631374
2017-09-08,113023.35837245577
2017-09-11,114756.72884839891
2017-09-12,114620.79651654906
2017-09-13,114391.09704599075
2017-09-14,114304.6352342064
2017-09-15,114477.63769614905
2017-09-18,114275.80159730886
2017-09-19,114007.22152501286
2017-09-20,113550.6609260699
2017-09-21,113196.59690276062
2017-09-22,113562.26355924245
2017-09-25,113230.10029142094
2017-09-26,113082.27542472123
2017-09-27,112991.68747579929
2017-09-28,113606.02782324953
2017-09-29,113629.77469278092
2017-10-02,111659.2589318477
2017-10-03,112132.81879853111
2017-10-04,112814.4880031449
2017-10-05,113346.96728650344
2017-10-06,113544.3642802902
2017-10-09,113432.12832532568
2017-10-10,113369.53039481558
2017-10-11,114418.44530565458
2017-10-12,115016.00778150617
2017-10-13,115192.58095484729
2017-10-16,114598.65314126038
2017-10-17,114203.52132255712
2017-10-18,114445.33379127915
2017-10-19,115654.83931909411
2017-10-20,117048.02259380733
2017-10-23,116789.2240771499
2017-10-24,116921.19352879607
2017-10-25,116698.98323298669
2017-10-26,117224.78693056665
2017-10-27,118523.91863978561
2017-10-30,118495.13614262616
2017-10-31,117687.73255763743
2017-11-01,118352.97473988913
2017-11-02,118788.6120257079
2017-11-03,119045.29119701512
2017-11-06,119533.82459359351
2017-11-07,119565.43865587281
2017-11-08,119976.0701972075
2017-11-09,119455.63720370448
2017-11-10,119507.45295382655
2017-11-13,120311.35950137294
2017-11-14,120714.03000308192
2017-11-15,118507.78567155334
2017-11-16,119713.66423183659
2017-11-17,119440.4096575138
2017-11-20,119854.36987299228
2017-11-21,120573.7636589545
2017-11-22,120355.99501870875
2017-11-23,120364.41708657524
2017-11-24,120794.00589116133
2017-11-27,120845.80160902365
2017-11-28,121332.24588308844
2017-11-29,119882.29578662565
2017-11-30,121263.25864215307
2017-12-01,119268.29091386571
2017-12-04,116611.65336336786
2017-12-05,116688.61025799147
2017-12-06,117076.9877085773
2017-12-07,118921.01715757775
2017-12-08,119159.6360968875
2017-12-11,120651.24119923315
2017-12-12,120727.73352662734
2017-12-13,121777.71785410936
2017-12-14,121731.3008835105
2017-12-15,124044.81890158246
2017-12-18,125844.04204487761
2017-12-19,124703.24129924981
2017-12-20,123787.79233847084
2017-12-21,122439.07835651132
2017-12-22,122210.5162973991
2017-12-26,122960.72021962961
2017-12-27,123171.38192332124
2017-12-28,123142.51206101701
2017-12-29,121963.0480392577
2018-01-02,121860.70519408275
2018-01-03,124490.71140078829
2018-01-04,124683.7254795184
2018-01-05,127331.77836365324
2018-01-08,128902.66491021802
2018-01-09,129330.6308162343
2018-01-10,128154.34986405075
2018-01-11,129485.76187784623
2018-01-12,129901.84522137481
2018-01-15,129901.84753724287
2018-01-16,128097.82279769474
2018-01-17,130572.44776435764
2018-01-18,129622.05857118854
2018-01-19,131172.1083164846
2018-01-22,132081.48588765127
2018-01-23,132488.33339551318
2018-01-24,132038.89136817708
2018-01-25,131195.08615528286
2018-01-26,132479.43206003797
2018-01-29,129724.27064280628
2018-01-30,127382.26068273209
2018-01-31,126119.36733239607
2018-02-01,125457.35418985275
2018-02-02,121354.09547267582
2018-02-05,116544.299123828
2018-02-06,118087.57123385496
2018-02-07,118469.90004967448
2018-02-08,113393.4448828196
2018-02-09,116076.99580508815
2018-02-12,117738.1332988549
2018-02-13,118623.4696521569
2018-02-14,121636.53866765983
2018-02-15,123895.65109441764
2018-02-16,123317.80314443595
2018-02-19,123317.80314443595
2018-02-20,122653.80171010978
2018-02-21,122100.711976986
2018-02-22,121854.14872625358
2018-02-23,123717.26642492301
2018-02-26,124680.54745748527
2018-02-27,122409.80421331413
2018-02-28,121033.81316512346
2018-03-01,117831.18853737452
2018-03-02,119224.42130109889
2018-03-05,120219.96258299207
2018-03-06,120510.02203791542
2018-03-07,121350.62374163693
2018-03-08,122489.94306329242
2018-03-09,124147.09102013179
2018-03-12,123200.86600922124
2018-03-13,121718.0636085657
2018-03-14,121033.10383159491
2018-03-15,121065.83174438142
2018-03-16,120373.4647236362
2018-03-19,119396.43833149507
2018-03-20,120523.91433019754
2018-03-21,120152.39484834671
2018-03-22,116257.82400825902
2018-03-23,114747.34290795896
2018-03-26,118285.56261235937
2018-03-27,114430.58254773181
2018-03-28,113160.07936507928
2018-03-29,115214.7464771845
2018-04-02,112482.94003146983
2018-04-03,113480.1743536821
2018-04-04,114759.49272561919
2018-04-05,115978.7530116648
2018-04-06,112842.67343997215
2018-04-09,114205.16273692745
2018-04-10,116025.1468272943
2018-04-11,115082.5240570238
2018-04-12,116619.45043197909
2018-04-13,115421.23864289885
2018-04-16,115838.29589346121
2018-04-17,117939.12073408501
2018-04-18,118194.40260264027
2018-04-19,117770.8281751562
2018-04-20,116658.62938523034
2018-04-23,116314.91081660673
2018-04-24,113611.83080974329
2018-04-25,113304.16742555691
2018-04-26,115060.44875548207
2018-04-27,114362.4031396715
2018-04-30,114476.01816375079
2018-05-01,112560.03190747235
2018-05-02,110656.97340845664
2018-05-03,111285.99526985761
2018-05-04,111842.26003211559
2018-05-07,112897.50469283949
2018-05-08,113551.31513612808
2018-05-09,114744.95980604718
2018-05-10,115753.69209601298
2018-05-11,116302.70185428658
2018-05-14,115777.61427474763
2018-05-15,115721.37986170364
2018-05-16,116137.82089985762
2018-05-17,115277.02658728487
2018-05-18,116245.77261644688
2018-05-21,117345.28642005778
2018-05-22,116494.7187625874
2018-05-23,118036.23298174783
2018-05-24,118021.14314538412
2018-05-25,117940.95647167097
2018-05-28,117941.18688429333
2018-05-29,116755.28946432949
2018-05-30,118846.85776846821
2018-05-31,117951.35098076148
2018-06-01,119606.51490989813
2018-06-04,120509.81352871597
2018-06-05,121345.00325353853
2018-06-06,122128.31669316368
2018-06-07,121288.77654122819
2018-06-08,121916.68466235879
2018-06-11,122306.82417957457
2018-06-12,122965.53157969464
2018-06-13,122992.13729561357
2018-06-14,123158.4049992091
2018-06-15,122939.59309044732
2018-06-18,123111.39296413686
2018-06-19,122585.48584128873
2018-06-20,122594.32969920059
2018-06-21,121821.69159720134
2018-06-22,121041.16055506907
2018-06-25,117798.24700981825
2018-06-26,118685.26647887714
2018-06-27,116929.5039048754
2018-06-28,117918.75823419637
2018-06-29,117634.15988371291
2018-07-02,118213.63190188697
2018-07-03,117316.58925258397
2018-07-04,117316.76219984266
2018-07-05,117723.53625315735
2018-07-06,118908.5351567331
2018-07-09,120422.87516481777
2018-07-10,120417.1083741177
2018-07-11,119404.91902307009
2018-07-12,120183.55626100083
2018-07-13,119873.97328920726
2018-07-16,119822.73411831289
2018-07-17,119726.73799072222
2018-07-18,120140.34991956118
2018-07-19,119486.22993901289
2018-07-20,119116.26915091785
2018-07-23,119430.33470081781
2018-07-24,119394.74033612215
2018-07-25,121372.91022065261
2018-07-26,122879.01439072852
2018-07-27,121180.57717267773
2018-07-30,119068.0302376462
2018-07-31,119787.58869607744
2018-08-01,118173.16592477748
2018-08-02,120623.96776251716
2018-08-03,118779.98375988923
2018-08-06,122017.606718136
2018-08-07,123058.57463791789
2018-08-08,121766.71342332712
2018-08-09,122035.24668238287
2018-08-10,121512.41364619698
2018-08-13,119359.63077480887
2018-08-14,118480.86969736355
2018-08-15,115383.61655125336
2018-08-16,115605.33776075198
2018-08-17,114389.67911246438
2018-08-20,116605.69667032473
2018-08-21,117385.74480254506
2018-08-22,118326.95471182535
2018-08-23,118136.54741123694
2018-08-24,120321.06359406516
2018-08-27,120213.82466534147
2018-08-28,121896.48361226724
2018-08-29,123323.24652737034
2018-08-30,121061.2225281609
2018-08-31,121817.7552846127
2018-09-03,121817.8689833942
2018-09-04,123034.84635890281
2018-09-05,119828.082764458
2018-09-06,119439.70722838229
2018-09-07,118891.25335816084
2018-09-10,119691.77980285899
2018-09-11,120669.92048696321
2018-09-12,120722.29305764673
2018-09-13,121434.00692615146
2018-09-14,121396.51548641574
2018-09-17,119003.73197204982
2018-09-18,120236.95972286521
2018-09-19,117148.61800766613
2018-09-20,118191.28431249296
2018-09-21,117531.39672481133
2018-09-24,118141.60890635135
2018-09-25,118850.92861620948
2018-09-26,118837.86990391796
2018-09-27,118883.32154339716
2018-09-28,118767.63012373775
2018-10-01,118929.17359711017
2018-10-02,117311.21739608553
2018-10-03,117332.7982092235
2018-10-04,114821.55634402772
2018-10-05,113811.3789139035
2018-10-08,111791.88841924715
2018-10-09,111661.49325004284
2018-10-10,106026.05476493585
2018-10-11,104674.64454290835
2018-10-12,108005.47578739317
2018-10-15,106079.0922453412
2018-10-16,110166.46930432839
2018-10-17,110141.83654809764
2018-10-18,108205.71254659786
2018-10-19,106638.52630831566
2018-10-22,107849.64395263846
2018-10-23,106122.39703016706
2018-10-24,101443.3458894149
2018-10-25,102917.96013487682
2018-10-26,100335.56043382233
2018-10-29,98643.04937414474
2018-10-30,100465.82676663775
2018-10-31,102736.09678026172
2018-11-01,104334.35787563336
2018-11-02,101401.19235930116
2018-11-05,101548.43722543953
2018-11-06,101496.96506507036
2018-11-07,106089.01629377001
2018-11-08,105590.3718315704
2018-11-09,103512.57222203098
2018-11-12,100126.84610666498
2018-11-13,99931.84809801684
2018-11-14,99192.90370184564
2018-11-15,99808.35701427855
2018-11-16,99983.67121715371
2018-11-19,93969.74693188698
2018-11-20,92922.84475475694
2018-11-21,94190.36504968887
2018-11-22,94190.52905672968
2018-11-23,93629.4102307394
2018-11-26,96884.52593813058
2018-11-27,96918.55924050615
2018-11-28,101640.43846733711
2018-11-29,101514.55187946802
2018-11-30,102223.80798145886
2018-12-03,103140.31712477194
2018-12-04,101330.82482603646
2018-12-05,101330.93320470034
2018-12-06,101234.18355083547
2018-12-07,99639.37379505474
2018-12-10,100245.50583434934
2018-12-11,100258.1524082252
2018-12-12,100717.74136720272
2018-12-13,100676.49114780755
2018-12-14,99238.82452265886
2018-12-17,97370.0542687826
2018-12-18,97726.90907984605
2018-12-19,97238.80153838688
2018-12-20,96584.1814010489
2018-12-21,95635.12948595098
2018-12-24,94784.48110352896
2018-12-25,94791.64169520725
2018-12-26,96681.184177157
2018-12-27,97260.60098764417
2018-12-28,97276.88341070405
2018-12-31,97709.73342688585
2019-01-01,97716.63402375317
2019-01-02,96941.90103165165
2019-01-03,96368.76871318289
2019-01-04,97356.98440868442
2019-01-07,97757.74840611045
2019-01-08,98338.61636298295
2019-01-09,98532.07777376095
2019-01-10,98632.21385729924
2019-01-11,98528.75124966603
2019-01-14,98209.1339855731
2019-01-15,98937.95304187085
2019-01-16,98825.60332798937
2019-01-17,99805.84289244353
2019-01-18,99646.07255986053
2019-01-21,99646.11484382152
2019-01-22,99344.36127729084
2019-01-23,99676.38888227809
2019-01-24,95682.10738058596
2019-01-25,95151.63262075656
2019-01-28,95160.148400627
2019-01-29,95560.43132198951
2019-01-30,96212.05456695089
2019-01-31,97632.55246400315
2019-02-01,97995.01336639407
2019-02-04,98471.74476233705
2019-02-05,98232.07197875394
2019-02-06,98401.56843316754
2019-02-07,98456.13019186106
2019-02-08,99112.86486972093
2019-02-11,99219.62665948318
2019-02-12,99669.41218705033
2019-02-13,100113.11193437348
2019-02-14,100134.56038049258
2019-02-15,100290.61725563723
2019-02-18,100290.7306194258
2019-02-19,100232.30217474137
2019-02-20,100141.02521038926
2019-02-21,100473.21223292225
2019-02-22,101331.95582054342
2019-02-25,100464.03083503735
2019-02-26,101055.3642955255
2019-02-27,100800.47431228531
2019-02-28,101232.11828153465
2019-03-01,101476.87621447019
2019-03-04,101117.25808349489
2019-03-05,101684.17882276863
2019-03-06,101327.4630706596
2019-03-07,101168.14768763536
2019-03-08,101121.71345525258
2019-03-11,102138.74877816824
2019-03-12,102785.47899055138
2019-03-13,102967.9941955529
2019-03-14,103409.14620744436
2019-03-15,103592.78738886003
2019-03-18,103007.21013634685
2019-03-19,103059.80940172673
2019-03-20,103429.2770289877
2019-03-21,105141.3413201332
2019-03-22,104223.18930500338
2019-03-25,104664.07280702502
2019-03-26,105364.16407408631
2019-03-27,104614.08134654522
2019-03-28,104994.74596629935
2019-03-29,105190.81269255461
2019-04-01,105028.43100956421
2019-04-02,105310.17412625178
2019-04-03,105157.47551224743
2019-04-04,104257.00695958278
2019-04-05,104752.74562203724
2019-04-08,104631.4729340736
2019-04-09,104385.77440043449
2019-04-10,104935.31200353251
2019-04-11,104976.41871849447
2019-04-12,104952.69000185293
2019-04-15,104969.58167083174
2019-04-16,103235.5783712757
2019-04-17,101546.7968488964
2019-04-18,102283.5275267054
2019-04-22,102216.67119441081
2019-04-23,103054.37087645849
2019-04-24,103275.12461400262
2019-04-25,103281.43017830758
2019-04-26,103792.53034147694
2019-04-29,103384.39971002594
2019-04-30,104080.01150636656
2019-05-01,102874.86574723595
2019-05-02,103661.09182879658
2019-05-03,104611.60990180663
2019-05-06,104185.65496115577
2019-05-07,102576.86263173094
2019-05-08,102685.72181391482
2019-05-09,101738.82582363149
2019-05-10,102598.90675358102
2019-05-13,101444.40529213045
2019-05-14,102099.56700753377
2019-05-15,102562.49365712053
2019-05-16,102993.92792994434
2019-05-17,102757.80668503408
2019-05-20,101778.59140235628
2019-05-21,102130.41400858916
2019-05-22,102328.13077180347
2019-05-23,102216.93504865491
2019-05-24,102115.27245600731
2019-05-27,102122.50916679294
2019-05-28,101965.39515635802
2019-05-29,101454.26045910033
2019-05-30,101898.27253655692
2019-05-31,101803.01030477163
2019-06-03,101176.6161296351
2019-06-04,103518.26184673046
2019-06-05,104957.70958884594
2019-06-06,105589.43612382018
2019-06-07,106539.63649083742
2019-06-10,107246.1555134689
2019-06-11,107217.88668741804
2019-06-12,107137.8579306905
2019-06-13,107085.11507850367
2019-06-14,107060.94861728804
2019-06-17,106753.61691951136
2019-06-18,107811.2091919048
2019-06-19,108812.51995438497
2019-06-20,109746.51890609645
2019-06-21,108733.27488897646
2019-06-24,108685.19032307198
2019-06-25,107553.9965659605
2019-06-26,107182.35104257181
2019-06-27,107758.35162087467
2019-06-28,108701.66812135957
2019-07-01,109967.39863878868
2019-07-02,111404.66638872023
2019-07-03,113247.72349030439
2019-07-04,113247.8815928668
2019-07-05,113985.82865798891
2019-07-08,114220.12969955933
2019-07-09,115305.71049501645
2019-07-10,114488.06952611385
2019-07-11,113478.15939142642
2019-07-12,113703.09557710227
2019-07-15,114029.10924998412
2019-07-16,114877.51132697567
2019-07-17,115139.43750067647
2019-07-18,116646.31566568193
2019-07-19,115743.36507934987
2019-07-22,116888.57363764895
2019-07-23,114638.16173853152
2019-07-24,114903.97818265983
2019-07-25,114964.79081137614
2019-07-26,117433.89296345915
2019-07-29,118014.97541573693
2019-07-30,119157.47421099823
2019-07-31,128609.72431324748
2019-08-01,130397.06856322187
2019-08-02,129745.50811294472
2019-08-05,127996.86083178176
2019-08-06,129334.8970580303
2019-08-07,131067.45725966778
2019-08-08,132243.13439177623
2019-08-09,133006.842884702
2019-08-12,132165.23268452837
2019-08-13,133823.9631198955
2019-08-14,131270.67863258743
2019-08-15,131823.6733626218
2019-08-16,133697.44352054744
2019-08-19,134753.28263449803
2019-08-20,134939.36761576487
2019-08-21,137388.32360154326
2019-08-22,136417.62060713503
2019-08-23,134223.0382621997
2019-08-26,136588.67592837027
2019-08-27,135803.3172360203
2019-08-28,136230.1091120321
2019-08-29,134205.6823318598
2019-08-30,133052.5754238663
2019-09-02,133052.69929412764
2019-09-03,131092.84896908092
2019-09-04,132149.06177935604
2019-09-05,128840.87621732504
2019-09-06,129355.14767174737
2019-09-09,122619.59379557375
2019-09-10,118264.88054339642
2019-09-11,119732.40478106253
2019-09-12,118561.14413542274
2019-09-13,117230.03253454494
2019-09-16,117986.84420614642
2019-09-17,122300.65771306399
2019-09-18,122259.91095431644
2019-09-19,124078.15141056108
2019-09-20,123730.51782996926
2019-09-23,123661.39837324894
2019-09-24,121645.11484063444
2019-09-25,121175.11317786793
2019-09-26,119870.41666100218
2019-09-27,117295.39371300122
2019-09-30,117567.9824369906
2019-10-01,116805.3951638799
2019-10-02,116251.76368140636
2019-10-03,117304.24283783308
2019-10-04,118721.57811672284
2019-10-07,118792.80867801482
2019-10-08,118628.3396846847
2019-10-09,119158.67808918268
2019-10-10,119644.64274314417
2019-10-11,119275.2072606428
2019-10-14,119897.6703939231
2019-10-15,118748.08000097325
2019-10-16,118281.20634165386
2019-10-17,120439.31100120398
2019-10-18,120267.7521110357
2019-10-21,121077.10756727062
2019-10-22,116607.73494056037
2019-10-23,116267.04178553486
2019-10-24,116958.08526162131
2019-10-25,118155.8847474853
2019-10-28,119229.84377706578
2019-10-29,119754.74643468625
2019-10-30,113052.55398972884
2019-10-31,112751.10136308224
2019-11-01,112578.7896173673
2019-11-04,111468.3121565217
2019-11-05,110280.20690817498
2019-11-06,110937.74061174232
2019-11-07,109658.88151950757
2019-11-08,110076.39762797812
2019-11-11,109887.42923218457
2019-11-12,110112.09807628476
2019-11-13,111747.38050645447
2019-11-14,111948.61750274098
2019-11-15,112348.15624194467
2019-11-18,112611.47252732428
2019-11-19,112382.31925598788
2019-11-20,112505.84120489868
2019-11-21,109879.95156549134
2019-11-22,109261.57860246507
2019-11-25,109853.08458502046
2019-11-26,110450.96152940395
2019-11-27,111122.45761528822
2019-11-28,111122.54605319598
2019-11-29,110577.72930364794
2019-12-02,109480.56557935417
2019-12-03,109598.79817152895
2019-12-04,110443.49620917253
2019-12-05,110785.5638060559
2019-12-06,110834.66314212744
2019-12-09,110742.6769287991
2019-12-10,110299.55141822394
2019-12-11,110495.28390937165
2019-12-12,110390.27667336562
2019-12-13,110937.20791432117
2019-12-16,111605.26114344625
2019-12-17,111352.59024951741
2019-12-18,111578.28656815528
2019-12-19,111818.99982617401
2019-12-20,112718.52183456434
2019-12-23,111489.62621584044
2019-12-24,111906.39664729555
2019-12-25,111906.46638393594
2019-12-26,112195.11436024171
2019-12-27,112485.45967297022
2019-12-30,111955.52523891666
2019-12-31,112330.89088066311
2020-01-01,112330.98159245486
2020-01-02,112223.70457822004
2020-01-03,110940.03607658067
2020-01-06,110687.3798680651
2020-01-07,110517.2475960783
2020-01-08,111533.37272772413
2020-01-09,112415.12878099443
2020-01-10,112333.67089962879
2020-01-13,113801.58989821945
2020-01-14,113955.29935861629
2020-01-15,113317.98504131916
2020-01-16,114689.96866836045
2020-01-17,115153.34450854077
2020-01-20,115153.43504492466
2020-01-21,114461.87481234966
2020-01-22,115302.89670952976
2020-01-23,116316.37559341553
2020-01-24,114290.93098610351
2020-01-27,112816.60452120143
2020-01-28,115060.56772466624
2020-01-29,115180.23679713755
2020-01-30,115271.97587245196
2020-01-31,111419.41906478863
2020-02-03,113173.48391741018
2020-02-04,115021.2726179448
2020-02-05,115182.20431630893
2020-02-06,115450.48635862261
2020-02-07,114326.44633699313
2020-02-10,115126.60119899236
2020-02-11,115698.74348758414
2020-02-12,115918.97799138198
2020-02-13,115964.5081515811
2020-02-14,115615.96413864239
2020-02-17,115624.01332291399
2020-02-18,114526.89400435108
2020-02-19,116890.2442950723
2020-02-20,116466.67473497936
2020-02-21,115078.0463340864
2020-02-24,112819.07956466576
2020-02-25,110818.38070603766
2020-02-26,110965.85516645754
2020-02-27,108764.70354972244
2020-02-28,109709.90639843511
2020-03-02,112138.36393194128
2020-03-03,111054.28297049773
2020-03-04,113668.86658264525
2020-03-05,112110.4952557227
2020-03-06,110385.58305811013
2020-03-09,106382.73866115394
2020-03-10,107472.04755237795
2020-03-11,104507.31414478201
2020-03-12,99004.93695986489
2020-03-13,102174.51087316981
2020-03-16,96531.79725935406
2020-03-17,99532.10998805212
2020-03-18,96153.80309956806
2020-03-19,96699.84330319709
2020-03-20,94552.75727813644
2020-03-23,93116.90622296967
2020-03-24,97648.32063445236
2020-03-25,98740.97891583428
2020-03-26,102185.20782089003
2020-03-27,100624.25417404257
2020-03-30,101849.98347685403
2020-03-31,100281.19806315367
2020-04-01,99088.9350834922
2020-04-02,99403.68612659589
2020-04-03,98176.32294820542
2020-04-06,101322.69380934103
2020-04-07,100788.65996578918
2020-04-08,102244.39989402425
2020-04-09,102692.6459931738
2020-04-13,102345.55669729284
2020-04-14,103724.30290686699
2020-04-15,103598.03222030369
2020-04-16,104880.13722097466
2020-04-17,105404.97308492371
2020-04-20,104235.95862388208
2020-04-21,100209.16213883072
2020-04-22,103293.04103486217
2020-04-23,103359.2270468266
2020-04-24,104773.04043572783
2020-04-27,105984.15757600343
2020-04-28,103574.70239000364
2020-04-29,105354.5823064721
2020-04-30,104072.9684549126
2020-05-01,102137.95513544664
2020-05-04,104538.60395870183
2020-05-05,106151.4066558482
2020-05-06,106283.80520391303
2020-05-07,108366.63817254061
2020-05-08,110237.62457685564
2020-05-11,112356.43421475864
2020-05-12,109534.8936262461
2020-05-13,108885.99188841243
2020-05-14,109677.09789672599
2020-05-15,111293.06171478235
2020-05-18,112258.49109275373
2020-05-19,112177.30460382014
2020-05-20,113873.59128420473
2020-05-21,112242.39325016085
2020-05-22,112574.32757428302
2020-05-25,112574.48967282324
2020-05-26,110458.57312259742
2020-05-27,110392.52937395663
2020-05-28,111276.66302285132
2020-05-29,115864.46886031555
2020-06-01,117954.28286917966
2020-06-02,116853.61279403316
2020-06-03,116884.12721484753
2020-06-04,115542.7484688795
2020-06-05,117193.97992942402
2020-06-08,119220.36816097645
2020-06-09,119142.52340562044
2020-06-10,120883.67140049144
2020-06-11,115543.90329725231
2020-06-12,116060.25894485063
2020-06-15,119765.40203116718
2020-06-16,119957.73175504834
2020-06-17,120078.44141674422
2020-06-18,120420.96346941318
2020-06-19,122392.71920250214
2020-06-22,123100.87109159988
2020-06-23,122704.69395322239
2020-06-24,120682.05132420728
2020-06-25,122368.51819134085
2020-06-26,120416.38847913522
2020-06-29,121408.22253074106
2020-06-30,124287.6058964412
2020-07-01,126059.60240031086
2020-07-02,129803.96516322326
2020-07-06,136089.15208332014
2020-07-07,136689.81569031978
2020-07-08,137360.74480353703
2020-07-09,139140.6579192963
2020-07-10,144401.08304987513
2020-07-13,139159.20370319457
2020-07-14,140154.54195305874
2020-07-15,140826.4083182818
2020-07-16,139772.51778116054
2020-07-17,140053.39761888183
2020-07-20,141824.91852458986
2020-07-21,139988.88939528703
2020-07-22,140675.35901128504
2020-07-23,139494.40153983547
2020-07-24,137437.59984474612
2020-07-27,140619.61888783184
2020-07-28,138466.93162517494
2020-07-29,141133.81362428286
2020-07-30,141391.39609637804
2020-07-31,142033.39414108885
2020-08-03,146347.62961494195
2020-08-04,146720.11942603104
2020-08-05,148929.48766359995
2020-08-06,148261.8339408412
2020-08-07,147981.96953373743
2020-08-10,144389.51458402528
2020-08-11,140671.76934336437
2020-08-12,144399.9095519995
2020-08-13,146535.18820542446
2020-08-14,146245.2740248411
2020-08-17,154261.42733282302
2020-08-18,154716.89530554332
2020-08-19,155646.9962327616
2020-08-20,157628.5414681641
2020-08-21,158348.2705442243
2020-08-24,157512.0942237319
2020-08-25,158510.89562245808
2020-08-26,160321.1909309345
2020-08-27,157805.11907185536
2020-08-28,157287.2348280908
2020-08-31,158379.59475479648
2020-09-01,163476.7391336453
2020-09-02,163192.59561907084
2020-09-03,152597.93254545677
2020-09-04,150033.47424847397
2020-09-07,150033.49374600608
2020-09-08,142233.68193504142
2020-09-09,148853.50766285515
2020-09-10,146712.71326476717
2020-09-11,144848.28342190734
2020-09-14,150732.23780476244
2020-09-15,152416.73921602912
2020-09-16,150806.6864451136
2020-09-17,149214.02625600854
2020-09-18,150889.17142756868
2020-09-21,152281.46336470929
2020-09-22,155056.63396192386
2020-09-23,150378.82081725047
2020-09-24,149837.15670027415
2020-09-25,154330.0770577345
2020-09-28,156093.6480622317
2020-09-29,155222.24289987757
2020-09-30,155697.89075571357
2020-10-01,159475.60890358448
2020-10-02,155097.1201730228
2020-10-05,159496.55460515173
2020-10-06,156925.5169229488
2020-10-07,160751.99271448862
2020-10-08,159986.65833131922
2020-10-09,162051.76717042935
2020-10-12,165512.80289537882
2020-10-13,166956.2930635415
2020-10-14,164780.88529988774
2020-10-15,164425.41744545224
2020-10-16,163711.8644147867
2020-10-19,160347.9688245453
2020-10-20,160048.3176402899
2020-10-21,158372.15617566564
2020-10-22,158242.76824605733
2020-10-23,159271.031249003
2020-10-26,157770.9479177341
2020-10-27,159256.8620823601
2020-10-28,153506.63634320837
2020-10-29,154544.02854463173
2020-10-30,148479.20929211724
2020-11-02,149434.12668376637
2020-11-03,153146.76606045783
2020-11-04,158960.6216237271
2020-11-05,163591.72410668517
2020-11-06,165493.4473607748
2020-11-09,155488.56786236557
2020-11-10,150453.14654913946
2020-11-11,156130.048171926
2020-11-12,156934.20987786827
2020-11-13,156646.11666281076
2020-11-16,157630.12739821596
2020-11-17,158939.90483814524
2020-11-18,159500.4324764061
2020-11-19,161299.6615628843
2020-11-20,161918.11288976262
2020-11-23,162347.10992988705
2020-11-24,163376.73188209746
2020-11-25,165706.39808939103
2020-11-26,165706.52633836845
2020-11-27,169402.4401811639
2020-11-30,166532.4276818971
2020-12-01,163104.37271149753
2020-12-02,162683.24992385122
2020-12-03,164516.00213656388
2020-12-04,164723.70192167553
2020-12-07,166673.67039446617
2020-12-08,169295.16018707695
2020-12-09,164319.33151107107
2020-12-10,165701.10180590933
2020-12-11,166134.3739301471
2020-12-14,165927.4757084755
2020-12-15,169272.93819061547
2020-12-16,169243.58623046416
2020-12-17,172021.3125663639
2020-12-18,172044.35600217822
2020-12-21,171224.8026651884
2020-12-22,171530.47114869463
2020-12-23,170893.51482059387
2020-12-24,170518.50395603076
2020-12-28,167160.60328307815
2020-12-29,166878.31288081966
2020-12-30,169058.92333095853
2020-12-31,165147.29306788163
2021-01-04,164252.8523863112
2021-01-05,168898.75608631715
2021-01-06,170439.76426731056
2021-01-07,174721.11463261483
2021-01-08,177222.18751136202
2021-01-11,175681.2237921478
2021-01-12,179643.02964638942
2021-01-13,178621.27801529478
2021-01-14,180192.70567521587
2021-01-15,176735.67095020364
2021-01-18,176735.67269584892
2021-01-19,180320.65594236416
2021-01-20,181581.55563962425
2021-01-21,182713.4266143657
2021-01-22,183027.77526955787
2021-01-25,183454.12025716313
2021-01-26,179563.8401114985
2021-01-27,172772.72592066822
2021-01-28,178701.50665806106
2021-01-29,175928.7787935562
2021-02-01,178223.70558358918
2021-02-02,181789.2799387325
2021-02-03,184820.51634191858
2021-02-04,187915.84516729738
2021-02-05,191397.37253971634
2021-02-08,193684.99087736392
2021-02-09,192727.6909655437
2021-02-10,192021.0123397826
2021-02-11,193256.47373404406
2021-02-12,194107.3339867623
2021-02-15,194107.56248892835
2021-02-16,193788.92610723065
2021-02-17,192754.83006552013
2021-02-18,189458.41036157345
2021-02-19,194194.9500249514
2021-02-22,186170.8472967015
2021-02-23,184292.87312523831
2021-02-24,182208.63819019275
2021-02-25,176898.05266689282
2021-02-26,178844.1267138818
2021-03-01,183583.68665186057
2021-03-02,177880.3939031016
2021-03-03,168511.64932662292
2021-03-04,161298.7009464119
2021-03-05,162797.91187205777
2021-03-08,154929.53196623197
2021-03-09,165544.59122199236
2021-03-10,165444.99584165576
2021-03-11,175339.17296496395
2021-03-12,173100.56385180258
2021-03-15,176369.7335207133
2021-03-16,174349.37015452745
2021-03-17,174583.55631092386
2021-03-18,168200.47614059882
2021-03-19,169152.5206652815
2021-03-22,170534.29436571582
2021-03-23,164828.43262932295
2021-03-24,158358.33945161744
2021-03-25,158126.67047224825
2021-03-26,162337.64898261303
2021-03-29,157855.68920733698
2021-03-30,160889.78719299362
2021-03-31,162100.1212881481
2021-04-01,163961.3196041055
2021-04-05,165410.16649303687
2021-04-06,165817.50472148161
2021-04-07,164111.49835933163
2021-04-08,167205.6381807416
2021-04-09,168088.0005940979
2021-04-12,167394.77989719107
2021-04-13,168161.7869992925
2021-04-14,168617.4780859405
2021-04-15,170814.89302734757
2021-04-16,171786.67646513277
2021-04-19,167950.1696010784
2021-04-20,163163.89216479883
2021-04-21,166491.7196216871
2021-04-22,164982.61004822038
2021-04-23,169254.61013247856
2021-04-26,169680.9292555652
2021-04-27,171347.1520427245
2021-04-28,170550.23422439478
2021-04-29,170675.51091028677
2021-04-30,167015.138012362
2021-05-03,168391.87276214533
2021-05-04,165783.55548820188
2021-05-05,166922.38743136486
2021-05-06,167795.7621806569
2021-05-07,171741.14259618826
2021-05-10,168335.0044103599
2021-05-11,168005.10211005094
2021-05-12,159390.05003061926
2021-05-13,161151.31927573594
2021-05-14,165748.82013135345
2021-05-17,166146.90383572542
2021-05-18,164376.12110144008
2021-05-19,161674.7233475677
2021-05-20,163118.04147239594
2021-05-21,162427.74983429562
2021-05-24,165459.92453266532
2021-05-25,165459.6004147674
2021-05-26,167696.96359933182
2021-05-27,170953.87228008982
2021-05-28,170915.04341313883
2021-05-31,170915.18771472923
2021-06-01,171093.3772292364
2021-06-02,170283.03089816094
2021-06-03,168831.9120647803
2021-06-04,169790.10684752
2021-06-07,169944.19984373954
2021-06-08,170882.58492474916
2021-06-09,169646.64131342148
2021-06-10,168885.0246494078
2021-06-11,170852.66624908667
2021-06-14,169207.79508966426
2021-06-15,168503.35055560383
2021-06-16,168626.33239513822
2021-06-17,165550.51203542473
2021-06-18,162820.14257781513
2021-06-21,165832.28347055436
2021-06-22,167244.9654791787
2021-06-23,169441.77757451162
2021-06-24,171157.6415354568
2021-06-25,171506.7004741921
2021-06-28,172419.9286071815
2021-06-29,172720.8333504735
2021-06-30,171942.21418984307
2021-07-01,172301.4899354731
2021-07-02,172071.36705183255
2021-07-05,172071.44143278274
2021-07-06,170390.705626314
2021-07-07,171378.2579543425
2021-07-08,168414.248639648
2021-07-09,173201.2238915673
2021-07-12,176177.50578499195
2021-07-13,174141.46734391025
2021-07-14,173486.16557706697
2021-07-15,172464.83719024356
2021-07-16,169375.58969496188
2021-07-19,166425.80032472865
2021-07-20,170577.478225282
2021-07-21,173376.72329019333
2021-07-22,172807.75624547733
2021-07-23,174397.30784980243
2021-07-26,175011.5873831841
2021-07-27,174076.0070179413
2021-07-28,174110.4828574386
2021-07-29,176565.21042207838
2021-07-30,177265.6686146789
2021-08-02,175729.83060705912
2021-08-03,179817.8475817324
2021-08-04,179067.24783545345
2021-08-05,179511.1116962117
2021-08-06,180472.12506064397
2021-08-09,183858.03358567914
2021-08-10,184751.61349827034
2021-08-11,183151.7352913545
2021-08-12,183182.2565622844
2021-08-13,182544.37385380163
2021-08-16,181963.33558280853
2021-08-17,179308.5838326656
2021-08-18,178623.7183577081
2021-08-19,178784.82194268724
2021-08-20,179536.5636877419
2021-08-23,183527.11661175406
2021-08-24,184286.1863478888
2021-08-25,185447.17080647536
2021-08-26,184692.9325520468
2021-08-27,187010.3519120596
2021-08-30,186219.45201121026
2021-08-31,184072.29552192293
2021-09-01,184336.40154300214
2021-09-02,185621.97350195024
2021-09-03,186417.4970707648
2021-09-07,185265.1621298173
2021-09-08,185058.9015633245
2021-09-09,186308.549996531
2021-09-10,185312.73402779535
2021-09-13,182337.16545292488
2021-09-14,181999.9037811974
2021-09-15,184309.68322161862
2021-09-16,183905.36988761686
2021-09-17,180858.38378117615
2021-09-20,177485.42628779495
2021-09-21,177261.5902572051
2021-09-22,180000.66229905662
2021-09-23,182978.32403108678
2021-09-24,181302.4142759722
2021-09-27,178647.92822093453
2021-09-28,173781.71953522385
2021-09-29,172836.33207630317
2021-09-30,168192.10610291318
2021-10-01,163640.40472171904
2021-10-04,160297.96605774973
2021-10-05,163234.81301054772
2021-10-06,158737.50664180372
2021-10-07,162084.62761710642
2021-10-08,160183.01234978906
2021-10-11,159649.9043202575
2021-10-12,160601.0088291416
2021-10-13,162485.03878614015
2021-10-14,165808.99884518422
2021-10-15,165638.3301531247
2021-10-18,167833.68672454942
2021-10-19,168949.12873630805
2021-10-20,169929.44209233162
2021-10-21,169640.07385988126
2021-10-22,168768.31821315162
2021-10-25,172873.8227313362
2021-10-26,172384.61600177668
2021-10-27,170072.87720843335
2021-10-28,172360.74102635676
2021-10-29,173788.93309151044
2021-11-01,170208.43346565161
2021-11-02,171357.22808676437
2021-11-03,169756.27119163304
2021-11-04,170895.06061636735
2021-11-05,169893.38768177247
2021-11-08,172233.43789658084
2021-11-09,171809.35147429834
2021-11-10,168196.75613944864
2021-11-11,169960.24041468473
2021-11-12,171011.0211463062
2021-11-15,170492.73261547595
2021-11-16,172869.20448070668
2021-11-17,172183.45629232633
2021-11-18,173409.02387416127
2021-11-19,172107.20454753554
2021-11-22,170047.00926826408
2021-11-23,168953.44857254517
2021-11-24,170095.51317159538
2021-11-25,170095.73867180338
2021-11-26,167188.53405831155
2021-11-29,170692.19418052008
2021-11-30,164970.3771355089
2021-12-01,160860.63787675576
2021-12-02,164196.40092805095
2021-12-03,160133.82358344254
2021-12-06,160416.34161106244
2021-12-07,168589.77448990368
2021-12-08,168970.99724667353
2021-12-09,164822.70423321644
2021-12-10,167533.00416211734
2021-12-13,163235.7393689539
2021-12-14,158948.7402866222
2021-12-15,162305.33058265276
2021-12-16,159194.71216567405
2021-12-17,157210.883942086
2021-12-20,154205.5309820498
2021-12-21,160423.6806026168
2021-12-22,163071.31018263652
2021-12-23,163693.13042500932
2021-12-27,168791.77976701062
2021-12-28,167628.39933909208
2021-12-29,167114.48912981382
2021-12-30,165908.09809128282
2021-12-31,165630.72762099048
2022-01-03,162096.20653984847
2022-01-04,159480.55049716547
2022-01-05,153067.52461440692
2022-01-06,154254.91628896288
2022-01-07,152137.4875566318
2022-01-10,152573.90237657833
2022-01-11,154173.2605774128
2022-01-12,154388.56477220822
2022-01-13,148504.9203553334
2022-01-14,149078.66584112175
2022-01-17,149078.9423676555
2022-01-18,146432.2191140935
2022-01-19,145467.65668491807
2022-01-20,143778.88730898596
2022-01-21,139426.91721761058
2022-01-24,141872.64258045985
2022-01-25,138143.08131898692
2022-01-26,138518.96224636858
2022-01-27,137523.01686491971
2022-01-28,141776.9838687327
2022-01-31,146025.2006817839
2022-02-01,146468.66273890017
2022-02-02,149463.61426493095
2022-02-03,147536.0099422292
2022-02-04,145971.846229245
2022-02-07,145163.0526938245
2022-02-08,144579.06140002975
2022-02-09,147946.7229318968
2022-02-10,144784.08561020164
2022-02-11,143320.6522368452
2022-02-14,142221.32814249123
2022-02-15,143334.93469631666
2022-02-16,143914.85043073693
2022-02-17,141938.97534728373
2022-02-18,141086.5781761264
2022-02-21,141086.87370761498
2022-02-22,138382.64400619312
2022-02-23,137477.91666357196
2022-02-24,139831.01164321243
2022-02-25,144620.13485866407
2022-02-28,144685.88022837247
2022-03-01,145418.5977524397
2022-03-02,147367.22978843402
2022-03-03,147955.52904285543
2022-03-04,150334.26776776373
2022-03-07,150800.8917723773
2022-03-08,148539.95708315694
2022-03-09,146661.23151474085
2022-03-10,149552.5030767746
2022-03-11,147140.81971390132
2022-03-14,145037.13232116945
2022-03-15,144938.48226561505
2022-03-16,144964.96173847787
2022-03-17,149446.73898425762
2022-03-18,149022.54713817957
2022-03-21,152839.35628157484
2022-03-22,152771.30920619328
2022-03-23,154155.41869890195
2022-03-24,155165.20805605882
2022-03-25,158100.11340437472
2022-03-28,157156.3637744606
2022-03-29,155864.02621343735
2022-03-30,156925.19876148526
2022-03-31,154989.72991345168
2022-04-01,155407.5468356097
2022-04-04,156161.422907172
2022-04-05,153866.62120111016
2022-04-06,154184.56779240997
2022-04-07,158117.0769625392
2022-04-08,162305.9429276579
2022-04-11,157990.03604146888
2022-04-12,161630.04113368815
2022-04-13,163238.28863797465
2022-04-14,162778.17220962475
2022-04-18,164776.060906711
2022-04-19,163011.33852592934
2022-04-20,164597.8479856798
2022-04-21,158360.99422371064
2022-04-22,152678.41384392517
2022-04-25,150664.05805047054
2022-04-26,150584.7842232351
2022-04-27,151835.99063589942
2022-04-28,153770.55404269166
2022-04-29,151842.363602542
2022-05-02,151840.6396544666
2022-05-03,153790.97553907306
2022-05-04,155455.60281499865
2022-05-05,153799.84098051625
2022-05-06,153935.9718485043
2022-05-09,149560.44841256645
2022-05-10,150335.2703658303
2022-05-11,150775.47452414993
2022-05-12,150506.16917769838
2022-05-13,152607.63755303394
2022-05-16,154160.94776439562
2022-05-17,155436.96533978143
2022-05-18,151581.16267737898
2022-05-19,151111.37170562256
2022-05-20,149935.56453855024
2022-05-23,151605.39686179772
2022-05-24,151618.9717582328
2022-05-25,152884.08027039436
2022-05-26,153389.70358631382
2022-05-27,154590.95657245885
2022-05-30,154601.73199790047
2022-05-31,153915.9513160095
2022-06-01,153533.76366777343
2022-06-02,153924.23293033417
2022-06-03,154020.4430634841
2022-06-06,154278.31764569852
2022-06-07,154679.7238551536
2022-06-08,153273.5557655487
2022-06-09,151190.47357706082
2022-06-10,150215.98729486036
2022-06-13,147243.30485228557
2022-06-14,148029.07387952987
2022-06-15,148912.9373268643
2022-06-16,147484.68376299873
2022-06-17,145954.85893018125
2022-06-20,145965.74340533093
2022-06-21,148463.62348932022
2022-06-22,147187.61954750516
2022-06-23,145375.60086186786
2022-06-24,146795.2087557112
2022-06-27,147975.74815404956
2022-06-28,147634.3930923384
2022-06-29,147067.46085476625
2022-06-30,146578.56972204224
2022-07-01,147396.8656855803
2022-07-04,147407.19715265493
2022-07-05,144558.512825327
2022-07-06,144625.01914567823
2022-07-07,147117.7046984295
2022-07-08,147521.12796309235
2022-07-11,147168.31670323596
2022-07-12,146158.4149086259
2022-07-13,146829.4092985962
2022-07-14,145130.20702552528
2022-07-15,145557.86713815562
2022-07-18,146165.33484914486
2022-07-19,148001.94754768792
2022-07-20,148346.18729728105
2022-07-21,147294.20692825082
2022-07-22,146734.88014189556
2022-07-25,149347.13623109693
2022-07-26,149303.38558118953
2022-07-27,150692.37389893446
2022-07-28,153660.49800651026
2022-07-29,156158.20579535523
2022-08-01,154771.09755714666
2022-08-02,153672.66947164692
2022-08-03,152540.1901425365
2022-08-04,152776.69266803938
2022-08-05,155974.61160416596
2022-08-08,157139.8450393746
2022-08-09,159228.6241977284
2022-08-10,159883.15822477647
2022-08-11,159380.14199129184
2022-08-12,161518.9699167572
2022-08-15,163287.92552257187
2022-08-16,163439.248822231
2022-08-17,162586.7513233534
2022-08-18,162685.64454759413
2022-08-19,164108.03815033642
2022-08-22,162433.61163693154
2022-08-23,160993.43249509926
2022-08-24,161909.2413979078
2022-08-25,162458.9737596745
2022-08-26,158738.36744196416
2022-08-29,159032.71500027034
2022-08-30,158386.54545520915
2022-08-31,158308.59307496433
2022-09-01,157601.63316585755
2022-09-02,156330.91092927993
2022-09-05,156331.08614764453
2022-09-06,155826.2247045913
2022-09-07,158809.14262490394
2022-09-08,159930.8131790021
2022-09-09,160660.59543208225
2022-09-12,161216.54419722877
2022-09-13,155691.2306844504
2022-09-14,158139.33998667655
2022-09-15,156677.72410891557
2022-09-16,156504.75978685814
2022-09-19,157837.22145364367
2022-09-20,156362.4910291364
2022-09-21,155705.19300663908
2022-09-22,154833.37307416985
2022-09-23,153383.8251004382
2022-09-26,152691.5766277754
2022-09-27,153265.35677093087
2022-09-28,154934.36318103113
2022-09-29,153373.33434553683
2022-09-30,152910.5813664773
2022-10-03,155119.9809880397
2022-10-04,157107.87683394135
2022-10-05,156717.6766514842
2022-10-06,156250.616077625
2022-10-07,155168.47038387644
2022-10-10,155275.65462105634
2022-10-11,155153.11003540963
2022-10-12,154275.41761317145
2022-10-13,156074.51683056724
2022-10-14,154342.3674007915
2022-10-17,155685.57712358658
2022-10-18,157084.27350542092
2022-10-19,156816.28176852228
2022-10-20,156429.8193432178
2022-10-21,158514.933531966
2022-10-24,159377.06877772842
2022-10-25,160119.1464216599
2022-10-26,160859.54952824305
2022-10-27,162116.18464523673
2022-10-28,163504.9932697133
2022-10-31,163269.78215095526
2022-11-01,163970.0243435448
2022-11-02,161153.81757180666
2022-11-03,163192.06054731953
2022-11-04,163219.88950670516
2022-11-07,163633.88755130212
2022-11-08,163703.07788973322
2022-11-09,160418.65781814567
2022-11-10,163125.44452099234
2022-11-11,160191.1836037466
2022-11-14,161026.86244360966
2022-11-15,161200.68025253914
2022-11-16,160796.7258864079
2022-11-17,161660.11048944682
2022-11-18,162834.40221524783
2022-11-21,162858.87716258175
2022-11-22,166966.11545535448
2022-11-23,165780.57043982297
2022-11-24,165780.8001909429
2022-11-25,166375.68791031782
2022-11-28,163678.2763225617
2022-11-29,163735.11438550366
2022-11-30,166022.3185061051
2022-12-01,164292.8061427946
2022-12-02,164709.07483818865
2022-12-05,161993.1444209306
2022-12-06,161084.32902180293
2022-12-07,162379.55858116326
2022-12-08,162499.4913898782
2022-12-09,159336.8860996847
2022-12-12,161687.08718919338
2022-12-13,160537.9381375643
2022-12-14,161008.7181572758
2022-12-15,159467.2702442287
2022-12-16,158834.4407068859
2022-12-19,158885.99606289002
2022-12-20,158967.7669702035
2022-12-21,161427.37715090622
2022-12-22,159562.06270805953
2022-12-23,160860.82817121455
2022-12-26,160861.00390389137
2022-12-27,161085.41976965594
2022-12-28,159504.03735451022
2022-12-29,159652.02682689426
2022-12-30,159580.5782611838
2023-01-02,159592.26921077044
2023-01-03,157973.05038166896
2023-01-04,158150.55134793045
2023-01-05,158051.4426526872
2023-01-06,159206.86624255835
2023-01-09,158319.5787459872
2023-01-10,158450.8321722509
2023-01-11,158662.30600148923
2023-01-12,158713.89389161573
2023-01-13,158937.13613750687
2023-01-16,158948.84295438835
2023-01-17,158453.82364195847
2023-01-18,157289.70687400002
2023-01-19,156802.47950529566
2023-01-20,157529.03757413023
2023-01-23,157634.3146630391
2023-01-24,157864.74299652543
2023-01-25,158129.58248158754
2023-01-26,159260.1915717108
2023-01-27,157548.48292039862
2023-01-30,156925.6363302197
2023-01-31,159183.23066136168
2023-02-01,158810.1669068649
2023-02-02,153923.52335763245
2023-02-03,154426.03908455843
2023-02-06,154603.47563091852
2023-02-07,155097.2582408551
2023-02-08,155582.24746811297
2023-02-09,154689.97636620258
2023-02-10,156808.25890948597
2023-02-13,157944.1373090314
2023-02-14,156989.51993260114
2023-02-15,157428.06600866464
2023-02-16,156091.98848506899
2023-02-17,156303.53033895817
2023-02-20,156303.6146126312
2023-02-21,154872.20447137297
2023-02-22,154043.05970751293
2023-02-23,154403.2523310931
2023-02-24,153909.01412312093
2023-02-27,154692.07757795235
2023-02-28,154149.7738498146
2023-03-01,159058.85305829655
2023-03-02,161795.98595980654
2023-03-03,165261.23598131826
2023-03-06,164600.50855453455
2023-03-07,163736.67543952476
2023-03-08,163810.28905724842
2023-03-09,159445.72729103785
2023-03-10,157129.12772318991
2023-03-13,158134.2415162869
2023-03-14,160126.37313734155
2023-03-15,156699.43850405808
2023-03-16,159161.18465028904
2023-03-17,156364.58766551426
2023-03-20,154200.89722930145
2023-03-21,156107.46977933598
2023-03-22,152653.6188036267
2023-03-23,154277.16574001164
2023-03-24,153854.98511165587
2023-03-27,153345.28746696256
2023-03-28,154257.77459197526
2023-03-29,156847.14044116403
2023-03-30,159429.89840037236
2023-03-31,161491.86003746436
2023-04-03,161625.7064211466
2023-04-04,158640.3678415281
2023-04-05,157212.41729206056
2023-04-06,157604.6461436113
2023-04-10,159334.78653605597
2023-04-11,159135.03859223158
2023-04-12,159506.08332715643
2023-04-13,159820.49354051694
2023-04-14,159670.2011819323
2023-04-17,161519.17325046015
2023-04-18,162974.56741898635
2023-04-19,163152.69971229485
2023-04-20,164463.49758247685
2023-04-21,165007.0461506908
2023-04-24,165086.54582587598
2023-04-25,162549.11648489774
2023-04-26,160476.16686494238
2023-04-27,163196.80404838058
2023-04-28,163576.4277391956
2023-05-01,164633.55104581354
2023-05-02,163232.8845057961
2023-05-03,162749.20225677633
2023-05-04,160973.0788195056
2023-05-05,163318.76468647394
2023-05-08,164322.37576411015
2023-05-09,163597.7124655836
2023-05-10,163950.23102106177
2023-05-11,163126.70716068172
2023-05-12,162750.2414112571
2023-05-15,162921.814920558
2023-05-16,162504.41661452226
2023-05-17,164339.03475991718
2023-05-18,166408.57767913403
2023-05-19,166282.15372293047
2023-05-22,164646.4057662031
2023-05-23,160740.81169782026
2023-05-24,159998.1469083433
2023-05-25,164542.56813415012
2023-05-26,165029.9528414464
2023-05-29,165030.15434177476
2023-05-30,164906.93584925053
2023-05-31,163776.48977772548
2023-06-01,166493.726571404
2023-06-02,168031.52408299694
2023-06-05,167777.8500745014
2023-06-06,168763.44040865294
2023-06-07,165643.33070567276
2023-06-08,165897.00738301498
2023-06-09,166263.53962768175
2023-06-12,168279.44477747576
2023-06-13,169252.41361304038
2023-06-14,168979.23676471977
2023-06-15,170635.065298344
2023-06-16,170541.23757415934
2023-06-19,170541.42353335477
2023-06-20,171119.24614959132
2023-06-21,171433.39345311557
2023-06-22,172493.7084920269
2023-06-23,171927.56596878252
2023-06-26,169423.0627309203
2023-06-27,172023.0198691421
2023-06-28,171753.25786379824
2023-06-29,171894.9613614988
2023-06-30,174849.0273355917
2023-07-03,173893.22729448002
2023-07-04,173893.37288379038
2023-07-05,173616.4130666909
2023-07-06,171397.25075150968
2023-07-07,171410.22488173097
2023-07-10,173951.17941136644
2023-07-11,174635.26332835012
2023-07-12,177059.13533780843
2023-07-13,178900.56253184553
2023-07-14,179925.1173973417
2023-07-17,181469.91595450244
2023-07-18,182834.7960786968
2023-07-19,182148.90353713944
2023-07-20,178791.9938085475
2023-07-21,178621.73408785355
2023-07-24,178097.2258560659
2023-07-25,179715.65132220238
2023-07-26,177456.77255978258
2023-07-27,177023.6267010726
2023-07-28,178192.4545488401
2023-07-31,178625.69083477985
2023-08-01,178384.31140312247
2023-08-02,174397.17889016174
2023-08-03,173853.4040213044
2023-08-04,172840.22951734893
2023-08-07,175973.40568604396
2023-08-08,174043.10496890158
2023-08-09,170773.68772893227
2023-08-10,170387.51133842382
2023-08-11,169259.1667626451
2023-08-14,171589.21384263548
2023-08-15,171026.59350403052
2023-08-16,168446.69099692567
2023-08-17,164820.03032721463
2023-08-18,165419.89734542617
2023-08-21,168670.63495851608
2023-08-22,168154.55878691055
2023-08-23,171526.2145421308
2023-08-24,167383.43844396825
2023-08-25,168117.16359408083
2023-08-28,169156.94434427904
2023-08-29,172820.35629042247
2023-08-30,173617.41116652373
2023-08-31,174147.72483578848
2023-09-01,173779.0978981431
2023-09-04,173779.18375346588
2023-09-05,172034.89614287025
2023-09-06,172215.54803249196
2023-09-07,172091.98879972758
2023-09-08,171862.470904552
2023-09-11,173433.926247945
2023-09-12,169574.1246215114
2023-09-13,168597.92204713394
2023-09-14,171074.30164001056
2023-09-15,167744.82855367017
2023-09-18,168039.71456189768
2023-09-19,168194.28603073547
2023-09-20,166166.60613358358
2023-09-21,162209.37547701655
2023-09-22,162324.92525826793
2023-09-25,162481.95704869478
2023-09-26,160640.03244984327
2023-09-27,161957.53845530248
2023-09-28,164116.83405383592
2023-09-29,162150.65227181194
2023-10-02,161487.89085553185
2023-10-03,158278.3486375527
2023-10-04,161145.2628477411
2023-10-05,161321.95959694005
2023-10-06,164953.78037685194
2023-10-09,166248.90782374088
2023-10-10,167095.3081165041
2023-10-11,170557.85227641548
2023-10-12,170860.28180814735
2023-10-13,168749.30587155398
2023-10-16,169862.0801673221
2023-10-17,169876.09674181108
2023-10-18,167079.0123447494
2023-10-19,165199.05174191782
2023-10-20,162819.85950271646
2023-10-23,163527.40282456673
2023-10-24,163536.46679505717
2023-10-25,159485.5530926578
2023-10-26,156999.40670104482
2023-10-27,156885.71383085375
2023-10-30,159242.1056733414
2023-10-31,160751.56672307887
2023-11-01,164138.506390094
2023-11-02,167493.31024216596
2023-11-03,169825.19594730125
2023-11-06,171884.0419891196
2023-11-07,173112.48121217912
2023-11-08,175445.18210403225
2023-11-09,174279.4589118141
2023-11-10,178523.4644217832
2023-11-13,179698.57340506138
2023-11-14,183276.17423263268
2023-11-15,180586.8786251543
2023-11-16,181726.1104028496
2023-11-17,182727.59887480427
2023-11-20,184844.7014323794
2023-11-21,183709.42988588143
2023-11-22,182840.84836037504
2023-11-23,182841.03544625692
2023-11-24,182385.74675876516
2023-11-27,181982.66403008113
2023-11-28,180824.21996131935
2023-11-29,180754.02889959567
2023-11-30,179907.38298818376
2023-12-01,179758.07731369784
2023-12-04,177210.65670713238
2023-12-05,177607.27281215598
2023-12-06,175528.67755851202
2023-12-07,178424.6165656085
2023-12-08,181320.79873390414
2023-12-11,182183.81917906765
2023-12-12,185957.86659129162
2023-12-13,187086.97121350307
2023-12-14,186218.5594373106
2023-12-15,187650.2122945207
2023-12-18,191049.96706752677
2023-12-19,191676.98555706465
2023-12-20,188355.95347659758
2023-12-21,190988.2616562736
2023-12-22,190110.14813320906
2023-12-25,190110.50679779187
2023-12-26,191079.6432149094
2023-12-27,191769.0333477835
2023-12-28,191859.3483634538
2023-12-29,191090.2553253939
2024-01-01,191090.6141579272
2024-01-02,187263.10561667595
2024-01-03,185662.0347095818
2024-01-04,186063.65063556534
2024-01-05,187859.8039576829
2024-01-08,193644.04599124912
2024-01-09,194510.18044720855
2024-01-10,197979.28459607606
2024-01-11,199064.89617284402
2024-01-12,199928.66540792718
2024-01-15,199929.024743044
2024-01-16,200806.91377628502
2024-01-17,200112.73779635355
2024-01-18,203239.79202267804
2024-01-19,209449.3216258588
2024-01-22,210305.9682227242
2024-01-23,210849.81801780997
2024-01-24,213466.531258926
2024-01-25,213917.0412880593
2024-01-26,212606.30567052448
2024-01-29,215836.6599776177
2024-01-30,215961.4333109085
2024-01-31,206488.96937659683
2024-02-01,210141.27617300197
2024-02-02,217249.85059761538
2024-02-05,217325.53618299944
2024-02-06,215884.7784186561
2024-02-07,220980.20526776987
2024-02-08,221996.34673197873
2024-02-09,224554.71009353973
2024-02-12,224190.82227658626
2024-02-13,221743.89833467666
2024-02-14,227986.8606616098
2024-02-15,228148.79714801072
2024-02-16,225301.38708846565
2024-02-19,225301.38871127658
2024-02-20,223723.45603866037
2024-02-21,217157.94830142148
2024-02-22,228046.55512804593
2024-02-23,228447.102651517
2024-02-26,230298.56274225697
2024-02-27,230357.56747652937
2024-02-28,229011.90215802222
2024-02-29,224286.1747263531
2024-03-01,229273.18655620146
2024-03-04,231123.79221395584
2024-03-05,228720.76678945462
2024-03-06,233149.86876431823
2024-03-07,236171.1480708094
2024-03-08,231486.37459875987
2024-03-11,226862.10794899997
2024-03-12,232694.19462574134
2024-03-13,230843.11230537578
2024-03-14,228160.7529235687
2024-03-15,227449.25402006795
2024-03-18,229546.93549223949
2024-03-19,230436.651908565
2024-03-20,233284.63696301993
2024-03-21,235816.06317687166
2024-03-22,236265.82056119276
2024-03-25,235576.49617500443
2024-03-26,233739.7275381433
2024-03-27,233359.42202975997
2024-03-28,233980.8838414439
2024-04-01,231592.14684973998
2024-04-02,230041.5256916609
2024-04-03,231570.71470149944
2024-04-04,225975.03089585746
2024-04-05,229979.46673689355
2024-04-08,228775.11448687612
2024-04-09,225856.64637938706
2024-04-10,225421.75186755176
2024-04-11,228259.2409641879
2024-04-12,224600.30783738667
2024-04-15,221293.00924221435
2024-04-16,224014.2759724335
2024-04-17,220699.3439365528
2024-04-18,218928.20429210426
2024-04-19,210513.1918092909
2024-04-22,212346.2454300687
2024-04-23,216827.09161775582
2024-04-24,216202.5255078507
2024-04-25,215874.72889356653
2024-04-26,219110.42533142227
2024-04-29,219910.4081487498
2024-04-30,215594.62293372463
2024-05-01,211031.66612049798
2024-05-02,212513.9932209382
2024-05-03,215696.1846484576
2024-05-06,220439.35762110486
2024-05-07,219390.3746879435
2024-05-08,220447.37040097764
2024-05-09,222709.03149309783
2024-05-10,223473.6128001854
2024-05-13,221893.20736793336
2024-05-14,224455.18308574826
2024-05-15,231549.30744157548
2024-05-16,227342.34897875067
2024-05-17,226137.78787075327
2024-05-20,227502.29956314215
2024-05-21,228371.0990064811
2024-05-22,226233.80313650233
2024-05-23,227689.4300272437
2024-05-24,234157.74801214252
2024-05-27,234157.86214796372
2024-05-28,234869.479359148
2024-05-29,232289.44019448114
2024-05-30,233113.04657771369
2024-05-31,231870.94937415738
2024-06-03,228901.20219896632
2024-06-04,227380.41644816645
2024-06-05,232638.2564228783
2024-06-06,227821.4486703496
2024-06-07,227428.48107781145
2024-06-10,231851.97265159446
2024-06-11,232281.22503831887
2024-06-12,235313.46247702913
2024-06-13,237983.51194334487
2024-06-14,236737.11002479703
2024-06-17,239194.78954304734
2024-06-18,242234.72504396114
2024-06-19,242235.0554402961
2024-06-20,239027.18614532865
2024-06-21,236185.99509638216
2024-06-24,234452.0602370325
2024-06-25,236069.68935287884
2024-06-26,232944.12649057055
2024-06-27,232235.08685244567
2024-06-28,230737.61939038534
2024-07-01,227947.97091681938
2024-07-02,228421.03622626557
2024-07-03,231731.5039337296
2024-07-04,231731.51009420422
2024-07-05,230346.00146214516
2024-07-08,232951.98367567506
2024-07-09,233264.14692797035
2024-07-10,235555.14100693396
2024-07-11,234161.1604214598
2024-07-12,234816.61829499906
2024-07-15,232214.50031025172
2024-07-16,234414.17110650009
2024-07-17,223405.3799589518
2024-07-18,223621.95856316361
2024-07-19,222897.8966118236
2024-07-22,227903.49344422633
2024-07-23,230396.59796021323
2024-07-24,219243.66805315597
2024-07-25,217426.1631918962
2024-07-26,221073.40782788058
2024-07-29,221725.07128789148
2024-07-30,220161.19710143944
2024-07-31,227261.54367800587
2024-08-01,220228.7591893279
2024-08-02,211381.88199969166
2024-08-05,206299.91062517994
2024-08-06,210952.708961209
2024-08-07,208636.17708178394
2024-08-08,217015.8292195403
2024-08-09,218317.30338796237
2024-08-12,219910.96371587375
2024-08-13,224760.25222905734
2024-08-14,226868.48307546237
2024-08-15,231870.9614117966
2024-08-16,230973.21397527316
2024-08-19,234302.96422704318
2024-08-20,232482.5113385544
2024-08-21,234237.85709508517
2024-08-22,233141.15136846164
2024-08-23,236414.9725659714
2024-08-26,233775.68235143283
2024-08-27,235335.17182286837
2024-08-28,233403.17929204562
2024-08-29,232619.92949803927
2024-08-30,235771.45211156466
2024-09-02,235771.45211156466
2024-09-03,225110.506467186
2024-09-04,225138.97078450778
2024-09-05,224739.39425405124
2024-09-06,219804.52102404396
2024-09-09,223990.13386278908
2024-09-10,224808.23341112892
2024-09-11,230496.73553973
2024-09-12,233552.2277339803
2024-09-13,238481.55925276148
2024-09-16,238241.70622160303
2024-09-17,239208.45229241793
2024-09-18,239149.14810082858
2024-09-19,243192.01014993136
2024-09-20,243711.70423409884
2024-09-23,246713.53624246066
2024-09-24,248403.91150186007
2024-09-25,248908.6613340134
2024-09-26,247833.63402875458
2024-09-27,246409.80918439422
2024-09-30,242646.6240377864
2024-10-01,243039.77571366812
2024-10-02,244284.9901044773
2024-10-03,246701.5877888131
2024-10-04,251452.19605267976
2024-10-07,247243.36494100152
2024-10-08,248178.55944248705
2024-10-09,247110.8338707962
2024-10-10,245730.39477652728
2024-10-11,248554.6978939334
2024-10-14,251413.82998448936
2024-10-15,249130.79538932085
2024-10-16,253626.85832199
2024-10-17,249433.38429153027
2024-10-18,251061.1047066332
2024-10-21,250749.70165659784
2024-10-22,246951.25014587483
2024-10-23,247257.29507345118
2024-10-24,246751.4710752523
2024-10-25,243827.37042117587
2024-10-28,245333.31037959363
2024-10-29,245403.89160510778
2024-10-30,244522.42774975713
2024-10-31,243339.27836968596
2024-11-01,240503.983283524
2024-11-04,239094.76605683664
2024-11-05,245183.63864101472
2024-11-06,251562.1543044911
2024-11-07,254807.61124978057
2024-11-08,261692.05248434958
2024-11-11,262943.01609383913
2024-11-12,259529.45020186462
2024-11-13,261185.4390178683
2024-11-14,257663.2494180711
2024-11-15,257481.06555679595
2024-11-18,259180.5464852955
2024-11-19,262602.47154101904
2024-11-20,263867.8718518965
2024-11-21,267903.22568559763
2024-11-22,268856.4870673912
2024-11-25,265183.3946332942
2024-11-26,271970.94185635966
2024-11-27,269460.6957951511
2024-11-28,269460.7036260297
2024-11-29,271306.7900598416
2024-12-02,264554.01547808474
2024-12-03,265099.1046515836
2024-12-04,270301.0641868508
2024-12-05,271206.9813572038
2024-12-06,271205.4186097114
2024-12-09,257791.08459190553
2024-12-10,251310.13001484572
2024-12-11,257983.57171660586
2024-12-12,253738.22454703946
2024-12-13,253277.4614614689
2024-12-16,255832.17973438837
2024-12-17,250318.25544191938
2024-12-18,239563.9244265306
2024-12-19,244729.8558013812
2024-12-20,251395.52193030083
2024-12-23,252868.9495807525
2024-12-24,255274.02497442925
2024-12-25,255274.02497442925
2024-12-26,254742.05366287794
2024-12-27,249393.53383408155
2024-12-30,247875.85425339307
2024-12-31,244409.77136396148
2025-01-01,244409.80505533286
2025-01-02,250247.6556230632
2025-01-03,259494.25299879376
2025-01-06,261295.42465139725
2025-01-07,254733.79223157014
2025-01-08,255620.98169298744
2025-01-09,255621.01541266395
2025-01-10,252957.12391275607
2025-01-13,252668.94667385533
2025-01-14,259127.06528470747
2025-01-15,265774.8273252692
2025-01-16,270221.09249097575
2025-01-17,275843.04976955976
2025-01-20,275843.08352228894
2025-01-21,281026.2531134828
2025-01-22,282233.24964421627
2025-01-23,284838.1102543825
2025-01-24,281502.2575590335
2025-01-27,261289.37239770847
2025-01-28,269579.94750722445
2025-01-29,270982.02622254315
2025-01-30,277971.3852007696
2025-01-31,274323.77989450714
2025-02-03,276266.5237358056
2025-02-04,282494.99455543264
2025-02-05,284771.96920534683
2025-02-06,285419.22578079463
2025-02-07,285056.4105669925
2025-02-10,288335.5111423352
2025-02-11,283832.6580860187
2025-02-12,284826.67313642567
2025-02-13,290324.6269989709
2025-02-14,292835.3679517012
2025-02-17,292835.42164082726
2025-02-18,297436.52563425177
2025-02-19,291633.6486705317
2025-02-20,283877.90684997936
2025-02-21,271184.1652849005
2025-02-24,265720.9213088228
2025-02-25,260322.11143755543
2025-02-26,264763.46758180496
2025-02-27,256991.362277278
2025-02-28,262824.69103975623
2025-03-03,259925.6010202808
2025-03-04,254342.46680214914
2025-03-05,255637.41804423637
2025-03-06,241473.80090051593
2025-03-07,243905.2671953421
2025-03-10,234362.93757627014
2025-03-11,237813.73098479878
2025-03-12,242017.12943844622
2025-03-13,236162.41636159093
2025-03-14,245347.38848427546
2025-03-17,250017.35381660215
2025-03-18,245173.8676526089
2025-03-19,251489.38006935362
2025-03-20,252732.4803841592
2025-03-21,251583.3449504812
2025-03-24,260743.77771195472
2025-03-25,262191.74874991016
2025-03-26,257884.864585955
2025-03-27,249750.49110677847
2025-03-28,247185.08358505624
2025-03-31,248722.69424676025
2025-04-01,250115.7357814099
2025-04-02,252523.44039996242
2025-04-03,242206.3820159939
2025-04-04,224051.60023944243
2025-04-07,226578.0095031417
2025-04-08,225167.46025994828
2025-04-09,236796.36186915025
2025-04-10,232079.65270611324
2025-04-11,233832.55069071113
2025-04-14,235495.01999285282
2025-04-15,237606.09288518704
2025-04-16,235694.41175159923
2025-04-17,235867.85033278642
2025-04-21,232605.911511724
2025-04-22,236573.8301691952
2025-04-23,240145.1424535814
2025-04-24,244460.05328691524
2025-04-25,246241.67143415537
2025-04-28,246889.43849641166
2025-04-29,247310.98875896755
2025-04-30,247755.2596150789
2025-05-01,246898.94035499624
2025-05-02,249970.83241542388
2025-05-05,250271.60335879133
2025-05-06,248058.53797020047
2025-05-07,249488.86601459206
2025-05-08,248615.31823728414
2025-05-09,247245.7751979456
2025-05-12,243689.2878582177
2025-05-13,243260.26342852926
2025-05-14,242509.49445145958
2025-05-15,247651.23371525097
2025-05-16,250478.17056330666
2025-05-19,252599.2295036523
2025-05-20,253069.7024466189
2025-05-21,250952.56544045033
2025-05-22,250251.90286815984
2025-05-23,252481.19657179088
2025-05-26,252481.31911375426
2025-05-27,254138.0102649417
2025-05-28,253446.7332612107
2025-05-29,253728.03246749283
2025-05-30,257335.45637216902
2025-06-02,258501.81887444176
2025-06-03,258192.46707613126
2025-06-04,256124.6258734493
2025-06-05,255422.6060574145
2025-06-06,256920.15715500736
2025-06-09,255103.885603914
2025-06-10,253080.9153677766
2025-06-11,255680.94397779094
2025-06-12,256998.8868087159
2025-06-13,256609.6004660842
2025-06-16,257565.28166048534
2025-06-17,257094.2223319893
2025-06-18,256951.51702758152
2025-06-19,256951.66125355146
2025-06-20,259147.7901035909
2025-06-23,262527.08222151047
2025-06-24,263341.62336961704
2025-06-25,260900.2266484132
2025-06-26,262321.36717081675
2025-06-27,262330.18881460634
2025-06-30,265506.35061382264
2025-07-01,258776.24679573608
2025-07-02,258071.94348541735
2025-07-03,261502.26934342683
2025-07-07,263733.7363708068
2025-07-08,260803.60130431727
2025-07-09,262763.2301565361
2025-07-10,259279.068529885
2025-07-11,258344.3080404269
2025-07-14,262789.64553417475
2025-07-15,261093.78747780807
2025-07-16,261784.87801348232
2025-07-17,263650.75093102764
2025-07-18,264665.7240176191
2025-07-21,263782.9228790352
2025-07-22,258959.587181237
2025-07-23,264480.04801020166
2025-07-24,264382.02872027346
2025-07-25,267614.80779580155
2025-07-28,266788.1910038499
2025-07-29,264869.40669983084
2025-07-30,266830.5331880398
2025-07-31,267193.5450495075
2025-08-01,265355.0961409419
2025-08-04,270765.4313327908
2025-08-05,273006.2501446015
2025-08-06,272957.54208595963
2025-08-07,274855.26065570884
2025-08-08,277399.5473200847
2025-08-11,276626.0419779934
2025-08-12,276441.26860026113
2025-08-13,271193.6030642717
2025-08-14,270069.4158076502
2025-08-15,267942.2220320848
2025-08-18,269539.73212358815
2025-08-19,261416.89402502618
2025-08-20,261674.3388856942
2025-08-21,262134.76818264616
2025-08-22,263276.62364256993
2025-08-25,263425.3087994043
2025-08-26,267607.90078633116
2025-08-27,266781.26395271905
2025-08-28,269562.4879744745
2025-08-29,265184.98444980633
2025-09-01,265185.1499317573
2025-09-02,264159.8364711119
2025-09-03,264957.4963841576
2025-09-04,268734.25840930094
2025-09-05,266031.2480882322
2025-09-08,270451.33764385496
2025-09-09,273832.80667059385
2025-09-10,279522.65671388246
2025-09-11,279022.19135801936
2025-09-12,280984.9500469776
2025-09-15,282986.79500152444
2025-09-16,282533.261620276
2025-09-17,282281.4903022177
2025-09-18,287142.9386267388
2025-09-19,290906.94633841026
2025-09-22,292562.4312152506
2025-09-23,294408.3322984005
2025-09-24,289119.5548155245
2025-09-25,286111.6848567135
2025-09-26,289763.86099466373
2025-09-29,291654.13071084366
2025-09-30,292242.68854159594
2025-10-01,291925.1885058805
2025-10-02,293018.0837962319
2025-10-03,290892.8438798134
2025-10-06,289363.8495625944
2025-10-07,289624.9085914623
2025-10-08,292321.7518013783
2025-10-09,288676.27733229613
2025-10-10,278804.1948628659
2025-10-13,284218.4783310761
2025-10-14,284692.95751750545
2025-10-15,285451.1709505967
2025-10-16,285280.22199613514
2025-10-17,282957.58645091136
2025-10-20,285793.0832968592
2025-10-21,283694.6387026816
2025-10-22,280755.6580227848
2025-10-23,288782.79296767915
2025-10-24,291161.7870523796
2025-10-27,293554.5943860781
2025-10-28,290178.3197516841
2025-10-29,295522.34098118136
2025-10-30,286853.913969548
2025-10-31,287780.7177262609
2025-11-03,289140.69643455115
2025-11-04,279206.1498238313
2025-11-05,284939.3082407835
2025-11-06,278088.77809257596
2025-11-07,279679.90752683446
2025-11-10,288825.23612612515
2025-11-11,283973.0948034169
2025-11-12,283137.80981451063
2025-11-13,269560.0757165988
2025-11-14,269405.2026173084
2025-11-17,265441.50802822935
2025-11-18,263538.14647260064
2025-11-19,266402.3893241735
2025-11-20,254299.89812393565
2025-11-21,253943.70364505245
2025-11-24,262615.7115195454
2025-11-25,264345.70514509163
2025-11-26,271622.1764383502
2025-11-27,271622.30390092393
2025-11-28,273256.9407578648
2025-12-01,269506.0641995067
2025-12-02,272985.60528295336
2025-12-03,274236.47919246915
2025-12-04,277305.15428983374
2025-12-05,279809.5738816018
2025-12-08,284964.6758384626
2025-12-09,287728.5083642767
2025-12-10,292527.4254820248
2025-12-11,293468.63124749396
2025-12-12,282696.30533483374
2025-12-15,282222.2584015462
2025-12-16,280279.59048234613
2025-12-17,273036.47265725944
2025-12-18,282066.9449495912
2025-12-19,289619.3989952371
2025-12-22,293685.39670291997
2025-12-23,294355.33389135107
2025-12-24,296483.2101455043
2025-12-25,296483.25642423885
2025-12-26,295279.8875635772
2025-12-29,293750.0888786769
2025-12-30,292197.23450166034
2025-12-31,281048.64356346894
2026-01-01,281048.69146507164
2026-01-02,304569.4556916677
2026-01-05,306227.62799608894
2026-01-06,350652.7014302083
2026-01-07,339650.5470267415
2026-01-08,323506.76238853374
2026-01-09,347149.7045331031
2026-01-12,359775.19557348755
2026-01-13,361378.09476261766
2026-01-14,359652.12270443735
2026-01-15,370922.4727049167
2026-01-16,374284.6911278873
2026-01-19,374284.73871248576
2026-01-20,386126.6501571993
2026-01-21,413391.98137786146
2026-01-22,414895.01892690227
2026-01-23,402917.3311255508
2026-01-26,406321.4643376385
2026-01-27,420928.4355767161
2026-01-28,455618.9950335194
2026-01-29,459225.87400840333
2026-01-30,449541.9734184221
2026-02-02,444123.2032708604
2026-02-03,454814.2160897394
2026-02-04,430891.9147848198
2026-02-05,425053.0164581526
2026-02-06,447319.95471874677
2026-02-09,455649.71458247164
2026-02-10,445082.5256559558
2026-02-11,460196.9761578883
2026-02-12,459617.8923745853
2026-02-13,464070.82092613593
2026-02-16,464070.82959938515
2026-02-17,458755.4163225545
2026-02-18,465056.2005261861
2026-02-19,465123.2488072649
2026-02-20,474138.8484201247
2026-02-23,472855.10865800176
2026-02-24,476057.9394416093
2026-02-25,485052.35094153846
2026-02-26,476482.37329691945
2026-02-27,473327.6595983366
2026-03-02,462705.020071922
2026-03-03,439750.1179844006
2026-03-04,447695.0475304413
2026-03-05,433730.1806888851
2026-03-06,416916.3579563691
2026-03-09,435675.603979509
2026-03-10,444482.4276118239
2026-03-11,447015.874449369
2026-03-12,436385.4082544276
2026-03-13,440131.31072331936
2026-03-16,453464.14401462884
2026-03-17,462162.2096801749
2026-03-18,459658.0094956991
2026-03-19,465788.92718541407
2026-03-20,446636.62386496627
2026-03-23,452079.1375363698
2026-03-24,460125.990013971
2026-03-25,459187.1890846399
2026-03-26,431393.993247619
2026-03-27,432862.46569787536
2026-03-30,414534.5020938349
2026-03-31,436660.4558211585
2026-04-01,458062.02424364456
2026-04-02,463292.7162845632
2026-04-03,463293.08948618715
2026-04-06,463839.7586899851
2026-04-07,469844.0155047746
2026-04-08,503534.2650762082
2026-04-09,512167.1655597345
2026-04-10,516399.6609517902
2026-04-13,521819.38278123713
2026-04-14,524843.705329012
2026-04-15,514774.0769937123
2026-04-16,517622.8941719823
2026-04-17,526579.2965656726
2026-04-20,524132.55506598
2026-04-21,520082.01774687134
2026-04-22,528268.3456744091
2026-04-23,532139.0665757278
2026-04-24,546649.1863140243
2026-04-27,540063.1327622499
2026-04-28,518161.9124499197
2026-04-29,522794.4811110933
